match_id,date,team,opponent,player_id,player,position,started,minutes,goals,assists,yellow,red,rating,xg,xa,shots,sot,passes,passAcc,keyPasses,touches,tackles,interceptions,aerials,dribbles,fouls,clearances,dispossessed,saves
5795363,2026-08-21,Arsenal,Coventry City,276366,David Raya,GK,1,94,0,0,0,0,6.8,0.0,0.0,0,0,18,14,0,27,0,0,0,0,0,1,0,1
5795363,2026-08-21,Arsenal,Coventry City,322036,Ben White,DR,1,94,0,1,0,0,7.8,0.08,0.25,1,0,78,74,2,94,1,1,3,0,1,3,0,0
5795363,2026-08-21,Arsenal,Coventry City,334087,Gabriel Magalhaes,DC,1,94,0,0,1,0,6.7,0.04,0.0,1,0,57,54,0,68,0,1,0,0,2,3,1,0
5795363,2026-08-21,Arsenal,Coventry City,425591,Cristhian Mosquera,DC,1,94,0,0,0,0,7.1,0.0,0.0,0,0,65,62,0,74,0,1,1,1,1,5,0,0
5795363,2026-08-21,Arsenal,Coventry City,386519,Riccardo Calafiori,DL,1,80,0,1,0,0,7.4,0.07,0.14,1,0,24,20,1,35,1,0,1,0,0,4,0,0
5795363,2026-08-21,Arsenal,Coventry City,332325,Declan Rice,DMC,1,67,0,0,0,0,6.8,0.06,0.03,2,0,75,71,0,85,1,1,0,0,2,2,0,0
5795363,2026-08-21,Arsenal,Coventry City,467918,Myles Lewis-Skelly,DMC,1,94,0,0,0,0,7.0,0.04,0.09,1,0,81,77,1,94,1,0,1,0,1,0,0,0
5795363,2026-08-21,Arsenal,Coventry City,367185,Bukayo Saka,AMR,1,67,1,0,0,0,7.8,0.63,0.05,3,1,34,30,2,50,2,0,0,1,0,2,0,0
5795363,2026-08-21,Arsenal,Coventry City,247454,Martin degaard,AMC,1,75,1,0,0,0,8.2,0.19,0.07,3,1,56,52,3,72,3,0,0,0,0,1,0,0
5795363,2026-08-21,Arsenal,Coventry City,399296,Christos Tzolis,AML,1,75,0,0,0,0,7.4,0.27,0.16,4,2,36,30,3,52,2,0,1,0,0,2,0,0
5795363,2026-08-21,Arsenal,Coventry City,326413,Kai Havertz,FW,1,94,1,0,0,0,8.0,0.08,0.02,1,1,25,20,1,38,0,1,3,0,2,1,0,0
5795363,2026-08-21,Arsenal,Coventry City,404832,Piero Hincapie,Sub,0,14,0,0,0,0,6.0,0.0,0.0,0,0,5,5,0,10,0,0,0,0,0,0,0,0
5795363,2026-08-21,Arsenal,Coventry City,372424,Martin Zubimendi,Sub,0,27,0,0,0,0,6.2,0.0,0.01,0,0,28,26,0,32,1,0,0,0,0,0,0,0
5795363,2026-08-21,Arsenal,Coventry City,238916,Mikel Merino,Sub,0,19,0,0,0,0,6.4,0.1,0.03,2,1,12,11,0,15,0,0,0,1,1,0,0,0
5795363,2026-08-21,Arsenal,Coventry City,389935,Noni Madueke,Sub,0,27,0,0,0,0,6.6,0.0,0.04,0,0,15,13,4,21,0,0,1,1,0,0,0,0
5795363,2026-08-21,Arsenal,Coventry City,332403,Eberechi Eze,Sub,0,19,0,0,0,0,6.1,0.03,0.0,1,0,7,6,0,11,0,0,0,0,0,0,0,0
5795363,2026-08-21,Coventry City,Arsenal,421944,Carl Rushworth,GK,1,94,0,0,0,0,6.2,0.0,0.0,0,0,45,29,0,55,0,0,0,0,0,1,0,2
5795363,2026-08-21,Coventry City,Arsenal,379760,Milan van Ewijk,DR,1,94,0,0,0,0,5.1,0.0,0.0,0,0,19,14,0,32,1,1,0,0,2,3,1,0
5795363,2026-08-21,Coventry City,Arsenal,450271,Aurele Amenda,DC,1,94,0,0,0,0,6.2,0.0,0.0,0,0,33,28,0,43,0,0,1,0,1,6,0,0
5795363,2026-08-21,Coventry City,Arsenal,395615,Bobby Thomas,DC,1,94,0,0,0,0,6.8,0.02,0.0,1,0,39,35,1,51,1,0,2,0,2,7,0,0
5795363,2026-08-21,Coventry City,Arsenal,318767,Jay Dasilva,DL,1,94,0,0,0,0,5.8,0.0,0.01,0,0,28,22,0,45,1,0,1,1,0,5,0,0
5795363,2026-08-21,Coventry City,Arsenal,138584,Matt Grimes,DMC,1,94,0,0,0,0,6.1,0.0,0.0,0,0,56,50,0,67,0,0,3,0,0,3,0,0
5795363,2026-08-21,Coventry City,Arsenal,425118,Loum Tchaouna,MR,1,81,0,0,0,0,6.1,0.06,0.0,2,0,30,22,0,44,0,0,1,1,1,3,1,0
5795363,2026-08-21,Coventry City,Arsenal,561984,Caleb Yirenkyi,MC,1,61,0,0,1,0,5.6,0.0,0.0,0,0,13,10,0,15,0,0,1,0,2,0,0,0
5795363,2026-08-21,Coventry City,Arsenal,404109,Frank Onyeka,MC,1,94,0,0,0,0,6.0,0.0,0.0,0,0,22,16,0,29,2,3,0,0,3,0,0,0
5795363,2026-08-21,Coventry City,Arsenal,331235,Brandon Thomas-Asante,ML,1,69,0,0,0,0,6.3,0.0,0.01,0,0,10,6,0,21,1,4,2,0,0,1,0,0
5795363,2026-08-21,Coventry City,Arsenal,396483,Ellis Simms,FW,1,69,0,0,0,0,6.2,0.0,0.0,0,0,13,9,1,22,1,0,3,1,2,1,0,0
5795363,2026-08-21,Coventry City,Arsenal,409424,Victor Torp,Sub,0,33,0,0,0,0,6.4,0.0,0.11,0,0,13,12,1,19,0,1,0,0,0,0,1,0
5795363,2026-08-21,Coventry City,Arsenal,332143,Gustavo Hamer,Sub,0,13,0,0,0,0,6.0,0.0,0.0,0,0,7,5,0,8,0,0,1,0,0,0,0,0
5795363,2026-08-21,Coventry City,Arsenal,281049,Taiwo Awoniyi,Sub,0,25,0,0,0,0,6.0,0.0,0.0,0,0,6,4,0,7,0,0,0,0,0,0,0,0
5795363,2026-08-21,Coventry City,Arsenal,381107,Jack Rudoni,Sub,0,25,0,0,0,0,6.3,0.23,0.0,1,1,13,9,0,19,1,0,2,0,0,0,0,0
5795364,2026-08-22,Hull City,Manchester United,397331,Konstantinos Tzolakis,GK,1,96,0,0,0,0,8.2,0.0,0.0,0,0,49,17,0,70,0,0,2,0,0,0,0,5
5795364,2026-08-22,Hull City,Manchester United,301415,Lewie Coyle,DR,1,69,0,0,0,0,6.8,0.0,0.0,0,0,21,17,1,32,1,0,1,0,1,1,0,0
5795364,2026-08-22,Hull City,Manchester United,108632,John Egan,DC,1,96,0,0,0,0,7.7,0.0,0.0,0,0,32,25,0,54,1,0,1,0,0,17,0,0
5795364,2026-08-22,Hull City,Manchester United,247815,Semi Ajayi,DC,1,63,1,0,0,0,8.2,0.59,0.0,1,1,15,13,0,26,0,2,2,1,0,5,0,0
5795364,2026-08-22,Hull City,Manchester United,469508,Nobel Mendy,DC,1,63,1,0,0,0,8.1,0.37,0.0,1,1,19,18,0,38,0,0,2,0,1,12,0,0
5795364,2026-08-22,Hull City,Manchester United,362831,Ryan Giles,DL,1,84,0,0,0,0,7.2,0.03,0.12,1,0,16,11,1,38,2,1,3,0,0,4,0,0
5795364,2026-08-22,Hull City,Manchester United,457802,Mohamed Belloumi,MR,1,96,0,0,0,0,6.9,0.05,0.03,2,0,16,11,0,35,4,1,0,1,2,1,0,0
5795364,2026-08-22,Hull City,Manchester United,105742,Matt Crooks,MC,1,96,0,0,1,0,7.1,0.0,0.0,0,0,21,15,0,35,6,0,3,0,2,2,1,0
5795364,2026-08-22,Hull City,Manchester United,349981,Regan Slater,MC,1,96,0,1,0,0,7.2,0.0,0.3,0,0,21,19,1,31,1,0,0,0,2,0,1,0
5795364,2026-08-22,Hull City,Manchester United,614510,Elliot Stroud,ML,1,70,0,0,0,0,6.9,0.0,0.02,0,0,8,6,0,17,3,1,1,0,0,0,0,0
5795364,2026-08-22,Hull City,Manchester United,138695,Oliver McBurnie,FW,1,96,0,0,0,0,7.2,0.24,0.01,2,2,18,11,2,36,0,0,4,1,1,3,1,0
5795364,2026-08-22,Hull City,Manchester United,391821,Liam Millar,Sub,0,26,0,0,1,0,6.1,0.0,0.0,0,0,3,2,0,10,1,0,0,0,1,1,1,0
5795364,2026-08-22,Hull City,Manchester United,136776,Matt Targett,Sub,0,12,0,0,0,0,6.1,0.0,0.0,0,0,5,5,0,7,0,0,0,0,0,0,0,0
5795364,2026-08-22,Hull City,Manchester United,414473,Cody Drameh,Sub,0,27,0,0,0,0,6.4,0.04,0.0,1,0,6,4,0,13,2,1,0,0,0,1,0,0
5795364,2026-08-22,Hull City,Manchester United,244565,Paddy McNair,Sub,0,33,0,0,0,0,6.1,0.0,0.0,0,0,4,3,0,7,0,0,0,0,0,2,0,0
5795364,2026-08-22,Hull City,Manchester United,606532,Lucas Herrington,Sub,0,33,0,0,0,0,6.5,0.0,0.0,0,0,3,3,0,9,0,0,3,0,0,4,0,0
5795364,2026-08-22,Manchester United,Hull City,402184,Senne Lammens,GK,1,96,0,0,0,0,6.2,0.0,0.0,0,0,17,12,0,26,0,0,0,0,0,2,0,2
5795364,2026-08-22,Manchester United,Hull City,349932,Noussair Mazraoui,DR,1,79,0,0,0,0,6.4,0.05,0.02,1,0,68,63,2,93,1,0,2,0,1,3,0,0
5795364,2026-08-22,Manchester United,Hull City,99487,Harry Maguire,DC,1,96,0,0,0,0,7.1,0.07,0.39,2,1,82,76,2,94,0,0,3,2,0,4,0,0
5795364,2026-08-22,Manchester United,Hull City,517341,Ayden Heaven,DC,1,96,0,0,0,0,5.9,0.08,0.02,2,0,67,61,0,76,1,0,2,0,1,1,1,0
5795364,2026-08-22,Manchester United,Hull City,118244,Luke Shaw,DL,1,96,0,0,0,0,6.7,0.0,0.26,0,0,60,48,4,89,1,1,2,0,0,2,1,0
5795364,2026-08-22,Manchester United,Hull City,136345,Youri Tielemans,DMC,1,66,0,0,0,0,5.8,0.02,0.03,1,0,73,65,0,82,2,0,0,0,1,0,0,0
5795364,2026-08-22,Manchester United,Hull City,451236,Andrey Santos,DMC,1,66,0,0,0,0,6.3,0.0,0.17,0,0,60,55,0,70,1,0,2,0,1,3,0,0
5795364,2026-08-22,Manchester United,Hull City,353377,Bryan Mbeumo,AMR,1,96,0,0,0,0,6.2,0.46,0.14,4,2,44,38,1,64,0,0,2,0,0,0,0,0
5795364,2026-08-22,Manchester United,Hull City,123761,Bruno Fernandes,AMC,1,96,0,0,0,0,6.6,0.08,0.15,3,1,88,74,3,106,0,0,0,1,0,1,0,0
5795364,2026-08-22,Manchester United,Hull City,495260,Patrick Dorgu,AML,1,45,0,0,1,0,5.5,0.53,0.04,3,0,11,8,0,22,0,1,2,0,4,0,0,0
5795364,2026-08-22,Manchester United,Hull City,362758,Matheus Cunha,FW,1,79,0,0,0,0,6.3,0.16,0.22,3,1,28,27,2,44,1,0,0,0,0,0,1,0
5795364,2026-08-22,Manchester United,Hull City,353418,Diogo Dalot,Sub,0,17,0,0,0,0,6.4,0.0,0.0,0,0,9,9,1,14,2,1,0,0,0,0,0,0
5795364,2026-08-22,Manchester United,Hull City,424191,Benjamin Sesko,Sub,0,30,0,0,0,0,6.0,0.03,0.0,1,0,3,3,0,6,0,0,1,0,1,0,1,0
5795364,2026-08-22,Manchester United,Hull City,460260,Kobbie Mainoo,Sub,0,30,0,0,0,0,6.1,0.06,0.0,1,0,30,26,0,33,0,0,1,0,0,0,0,0
5795364,2026-08-22,Manchester United,Hull City,300299,Marcus Rashford,Sub,0,51,0,0,0,0,6.5,0.0,0.08,0,0,24,19,4,32,0,0,0,1,0,0,0,0
5795364,2026-08-22,Manchester United,Hull City,563779,Shea Lacey,Sub,0,17,0,0,0,0,6.0,0.0,0.0,0,0,5,4,0,7,0,0,0,0,0,0,0,0
5795365,2026-08-22,Everton,Crystal Palace,110189,Jordan Pickford,GK,1,97,0,0,0,0,7.4,0.0,0.07,0,0,35,21,0,42,0,0,0,0,0,0,0,4
5795365,2026-08-22,Everton,Crystal Palace,419945,Merlin Rohl,DR,1,97,0,0,0,0,7.0,0.0,0.08,0,0,42,31,1,70,2,0,3,0,0,2,0,0
5795365,2026-08-22,Everton,Crystal Palace,381045,Jarrad Branthwaite,DC,1,97,0,0,0,0,7.4,0.0,0.01,0,0,38,35,0,52,2,1,4,0,0,4,0,0
5795365,2026-08-22,Everton,Crystal Palace,131464,James Tarkowski,DC,1,97,0,0,0,0,7.1,0.03,0.0,1,0,32,25,0,47,1,3,3,0,0,4,0,0
5795365,2026-08-22,Everton,Crystal Palace,345516,Vitalii Mykolenko,DL,1,97,0,0,0,0,6.9,0.0,0.01,0,0,39,33,1,63,0,0,3,0,0,4,1,0
5795365,2026-08-22,Everton,Crystal Palace,535879,Harrison Armstrong,DMC,1,97,0,1,0,0,7.3,0.0,0.02,0,0,38,34,1,55,2,1,0,0,3,1,0,0
5795365,2026-08-22,Everton,Crystal Palace,388651,Hayden Hackney,DMC,1,78,0,0,0,0,6.9,0.03,0.0,1,0,43,38,1,62,2,1,0,0,1,0,0,0
5795365,2026-08-22,Everton,Crystal Palace,366116,Iliman Ndiaye,AMR,1,97,0,1,0,0,8.0,0.15,0.29,2,2,44,38,3,67,4,0,0,1,0,0,4,0
5795365,2026-08-22,Everton,Crystal Palace,391256,Kiernan Dewsbury-Hall,AMC,1,93,1,0,0,0,8.0,0.12,0.15,3,1,37,32,2,62,4,0,0,1,0,1,0,0
5795365,2026-08-22,Everton,Crystal Palace,523597,Tyrique George,AML,1,83,0,0,0,0,7.1,0.19,0.08,5,0,36,30,2,54,0,2,2,2,0,1,1,0
5795365,2026-08-22,Everton,Crystal Palace,537713,Thierno Barry,FW,1,78,1,0,0,0,7.4,0.38,0.07,2,1,15,12,1,34,1,0,2,0,0,0,3,0
5795365,2026-08-22,Everton,Crystal Palace,380546,Beto,Sub,0,19,0,0,0,0,6.1,0.1,0.0,1,0,4,2,0,6,0,0,1,0,0,0,0,0
5795365,2026-08-22,Everton,Crystal Palace,367781,James Garner,Sub,0,19,0,0,0,0,6.2,0.0,0.03,0,0,9,9,1,12,1,0,0,0,0,0,1,0
5795365,2026-08-22,Everton,Crystal Palace,379688,Brennan Johnson,Sub,0,14,0,0,0,0,6.1,0.0,0.0,0,0,3,2,0,12,0,0,0,0,1,2,0,0
5795365,2026-08-22,Everton,Crystal Palace,391348,Charly Alcaraz,Sub,0,4,0,0,0,0,6.3,0.04,0.0,1,1,2,1,0,4,2,0,0,0,0,0,0,0
5795365,2026-08-22,Crystal Palace,Everton,304008,Dean Henderson,GK,1,97,0,0,0,0,6.3,0.0,0.0,0,0,31,24,0,45,0,0,0,0,0,3,0,3
5795365,2026-08-22,Crystal Palace,Everton,454342,Chadi Riad,DC,1,72,0,0,0,0,6.2,0.0,0.0,0,0,49,46,0,61,1,1,2,0,2,5,0,0
5795365,2026-08-22,Crystal Palace,Everton,395401,Chris Richards,DC,1,97,0,0,0,0,7.1,0.0,0.0,0,0,67,62,0,88,3,2,1,1,0,9,0,0
5795365,2026-08-22,Crystal Palace,Everton,531676,Jaydee Canvot,DC,1,97,0,0,0,0,6.2,0.05,0.0,1,0,86,77,0,99,4,0,2,0,0,2,1,0
5795365,2026-08-22,Crystal Palace,Everton,400496,Daniel Munoz,DMR,1,54,0,0,0,0,5.3,0.27,0.01,2,1,31,25,0,48,2,1,2,0,1,2,0,0
5795365,2026-08-22,Crystal Palace,Everton,389579,Tyrick Mitchell,DML,1,97,0,0,0,0,6.2,0.0,0.0,0,0,30,27,1,56,2,0,0,0,2,3,0,0
5795365,2026-08-22,Crystal Palace,Everton,344166,Daichi Kamada,MC,1,97,0,0,1,0,6.8,0.0,0.15,0,0,72,67,2,90,3,1,1,0,1,2,2,0
5795365,2026-08-22,Crystal Palace,Everton,430774,Adam Wharton,MC,1,97,0,0,0,0,6.4,0.0,0.15,0,0,74,60,2,91,3,3,0,1,0,1,4,0
5795365,2026-08-22,Crystal Palace,Everton,357427,Dwight McNeil,AMC,1,62,0,0,0,0,5.9,0.06,0.02,1,0,31,26,0,40,1,0,0,0,0,2,1,0
5795365,2026-08-22,Crystal Palace,Everton,345845,Eddie Nketiah,AMC,1,55,0,0,0,0,6.4,0.42,0.54,1,1,14,9,2,26,1,0,3,0,0,1,1,0
5795365,2026-08-22,Crystal Palace,Everton,328096,Jean-Philippe Mateta,FW,1,62,0,0,0,0,6.1,0.95,0.01,2,0,12,9,1,21,2,0,1,0,2,1,1,0
5795365,2026-08-22,Crystal Palace,Everton,382587,Evann Guessand,Sub,0,35,0,0,0,0,6.1,0.06,0.01,1,1,13,12,0,21,1,0,0,0,2,0,2,0
5795365,2026-08-22,Crystal Palace,Everton,444136,Anan Khalaili,Sub,0,43,0,0,0,0,7.1,0.0,0.19,0,0,23,21,2,43,4,1,0,1,1,3,0,0
5795365,2026-08-22,Crystal Palace,Everton,377283,Takehiro Tomiyasu,Sub,0,25,0,0,0,0,6.2,0.0,0.0,0,0,25,20,0,29,0,1,1,0,1,0,0,0
5795365,2026-08-22,Crystal Palace,Everton,333048,Jrgen Strand Larsen,Sub,0,35,0,0,0,0,6.1,0.06,0.0,1,1,4,3,0,5,0,0,0,0,2,0,0,0
5795365,2026-08-22,Crystal Palace,Everton,403865,Yeremy Pino,Sub,0,42,0,0,0,0,6.1,0.06,0.01,2,0,19,17,0,29,2,0,0,0,1,0,1,0
5795366,2026-08-22,Ipswich Town,Sunderland,361867,Kjell Scherpen,GK,1,94,0,0,0,0,6.5,0.0,0.0,0,0,26,13,0,39,0,0,0,0,0,1,0,2
5795366,2026-08-22,Ipswich Town,Sunderland,362826,Dara O'Shea,DR,1,94,0,0,0,0,7.8,0.0,0.08,0,0,36,24,2,70,2,2,4,0,0,12,1,0
5795366,2026-08-22,Ipswich Town,Sunderland,300359,Issa Diop,DC,1,94,0,0,0,0,6.2,0.0,0.0,0,0,39,31,0,46,3,2,0,0,2,2,1,0
5795366,2026-08-22,Ipswich Town,Sunderland,381161,Jacob Greaves,DC,1,94,0,0,0,0,6.8,0.0,0.0,0,0,41,34,0,52,3,0,3,0,1,4,0,0
5795366,2026-08-22,Ipswich Town,Sunderland,366211,Leif Davis,DL,1,94,0,0,0,0,6.7,0.0,0.0,0,0,31,25,0,49,0,1,2,0,0,5,1,0
5795366,2026-08-22,Ipswich Town,Sunderland,417745,Marcelino Nunez,DMC,1,79,0,0,0,0,7.3,0.04,0.03,1,0,41,39,0,56,5,1,0,2,1,2,0,0
5795366,2026-08-22,Ipswich Town,Sunderland,297395,Sasa Lukic,DMC,1,94,0,1,0,0,6.8,0.0,0.02,0,0,45,38,1,53,3,1,0,0,1,1,1,0
5795366,2026-08-22,Ipswich Town,Sunderland,430985,Abdul Fatawu,AMR,1,65,0,0,0,0,7.2,0.0,0.39,0,0,10,5,2,37,6,1,0,3,1,0,3,0
5795366,2026-08-22,Ipswich Town,Sunderland,417747,Julio Enciso,AMC,1,70,0,1,0,0,7.5,0.14,0.23,3,0,22,19,1,42,1,1,0,4,1,1,0,0
5795366,2026-08-22,Ipswich Town,Sunderland,377287,Daizen Maeda,AML,1,79,0,0,0,0,6.4,0.43,0.0,1,0,12,9,0,32,5,0,0,0,2,2,0,0
5795366,2026-08-22,Ipswich Town,Sunderland,429556,Emersonn,FW,1,65,1,0,0,0,7.9,0.48,0.09,3,2,11,9,2,26,1,0,3,2,0,1,1,0
5795366,2026-08-22,Ipswich Town,Sunderland,433937,Abdoul Ouattara,Sub,0,15,0,0,0,0,6.3,0.0,0.0,0,0,3,3,1,7,0,0,0,0,0,2,0,0
5795366,2026-08-22,Ipswich Town,Sunderland,122294,Chuba Akpom,Sub,0,29,0,0,0,0,6.3,0.0,0.0,0,0,4,2,0,8,1,0,2,0,1,0,1,0
5795366,2026-08-22,Ipswich Town,Sunderland,429531,Kasey McAteer,Sub,0,29,0,0,0,0,6.2,0.0,0.0,0,0,6,5,0,9,1,0,0,0,1,0,0,0
5795366,2026-08-22,Ipswich Town,Sunderland,363516,Jack Clarke,Sub,0,24,1,0,0,0,7.2,0.11,0.0,2,1,5,5,0,8,1,0,0,0,0,0,0,0
5795366,2026-08-22,Ipswich Town,Sunderland,426913,Sindre Egeli,Sub,0,15,0,0,0,0,6.1,0.0,0.0,0,0,1,1,0,2,0,0,0,0,1,0,0,0
5795366,2026-08-22,Sunderland,Ipswich Town,422814,Robin Roefs,GK,1,94,0,0,0,0,6.3,0.0,0.0,0,0,46,35,0,57,0,0,2,1,0,1,0,1
5795366,2026-08-22,Sunderland,Ipswich Town,104376,Thomas Meunier,DR,1,94,0,0,0,0,6.8,0.06,0.04,2,1,61,54,0,83,3,2,2,1,1,0,0,0
5795366,2026-08-22,Sunderland,Ipswich Town,134373,Luke O'Nien,DC,1,66,0,0,1,0,5.4,0.02,0.0,1,0,55,48,0,70,3,0,0,1,2,3,0,0
5795366,2026-08-22,Sunderland,Ipswich Town,371761,Dan Ballard,DC,1,94,0,0,1,0,6.3,0.0,0.0,0,0,58,53,0,73,3,0,3,0,2,7,0,0
5795366,2026-08-22,Sunderland,Ipswich Town,361812,Reinildo Mandava,DL,1,94,0,0,0,0,7.0,0.0,0.23,0,0,53,47,2,81,5,3,3,1,2,2,1,0
5795366,2026-08-22,Sunderland,Ipswich Town,437449,Noah Sadiki,DMC,1,94,0,0,0,0,6.9,0.2,0.04,1,1,57,51,2,74,0,0,1,4,1,0,1,0
5795366,2026-08-22,Sunderland,Ipswich Town,89401,Granit Xhaka,DMC,1,94,0,0,0,0,7.0,0.0,0.05,0,0,75,70,2,96,4,2,0,1,1,0,2,0
5795366,2026-08-22,Sunderland,Ipswich Town,424514,Trai Hume,AMR,1,79,0,0,0,0,7.0,0.04,0.26,2,0,23,18,3,37,3,1,0,0,2,0,1,0
5795366,2026-08-22,Sunderland,Ipswich Town,398393,Enzo Le Fee,AMC,1,79,0,0,0,0,6.2,0.0,0.01,0,0,44,39,0,59,3,0,0,1,0,0,2,0
5795366,2026-08-22,Sunderland,Ipswich Town,443064,Nilson Angulo,AML,1,58,1,0,1,0,7.0,0.09,0.0,2,1,21,18,0,39,2,1,2,0,0,0,3,0
5795366,2026-08-22,Sunderland,Ipswich Town,404568,Brian Brobbey,FW,1,66,0,0,0,0,6.0,0.52,0.0,2,1,3,3,0,10,0,0,0,0,2,0,2,0
5795366,2026-08-22,Sunderland,Ipswich Town,476110,Chemsdine Talbi,Sub,0,36,0,0,0,0,5.8,0.0,0.0,0,0,11,9,0,16,1,0,0,0,1,0,1,0
5795366,2026-08-22,Sunderland,Ipswich Town,422818,Habib Diarra,Sub,0,15,0,0,0,0,5.9,0.03,0.0,1,0,6,6,0,7,0,0,0,0,0,0,0,0
5795366,2026-08-22,Sunderland,Ipswich Town,363535,Wilson Isidor,Sub,0,28,0,0,0,0,5.8,0.0,0.0,0,0,4,2,0,6,0,0,0,0,0,0,1,0
5795366,2026-08-22,Sunderland,Ipswich Town,344639,Omar Alderete,Sub,0,28,0,0,0,0,5.2,0.0,0.0,0,0,37,34,0,38,0,0,1,0,0,0,0,0
5795366,2026-08-22,Sunderland,Ipswich Town,469645,Chris Rigg,Sub,0,15,0,0,0,0,5.9,0.0,0.0,0,0,3,2,0,4,0,0,0,0,0,0,0,0
5795367,2026-08-22,Nottingham Forest,Leeds United,78386,Matz Sels,GK,1,93,0,0,0,0,6.3,0.0,0.0,0,0,26,10,0,35,0,0,0,1,0,0,0,2
5795367,2026-08-22,Nottingham Forest,Leeds United,445424,Murillo,DC,1,92,0,0,0,0,7.1,0.0,0.31,0,0,59,53,2,79,2,0,1,1,1,11,1,0
5795367,2026-08-22,Nottingham Forest,Leeds United,443545,Jair Cunha,DC,1,93,0,0,1,0,6.2,0.0,0.0,0,0,43,38,0,60,2,1,0,0,2,4,0,0
5795367,2026-08-22,Nottingham Forest,Leeds United,319785,Nikola Milenkovic,DC,1,93,0,0,0,0,6.8,0.08,0.03,2,0,45,34,0,61,2,0,7,0,3,7,2,0
5795367,2026-08-22,Nottingham Forest,Leeds United,315543,Ola Aina,DMR,1,73,0,0,1,0,7.0,0.06,0.15,2,1,26,17,3,57,0,0,2,3,1,2,1,0
5795367,2026-08-22,Nottingham Forest,Leeds United,386969,Neco Williams,DML,1,93,0,0,0,0,6.6,0.0,0.01,0,0,27,18,0,55,4,0,2,1,1,3,1,0
5795367,2026-08-22,Nottingham Forest,Leeds United,425576,James McAtee,MC,1,73,0,0,0,0,6.8,0.0,0.15,0,0,37,32,3,51,2,0,3,0,0,2,0,0
5795367,2026-08-22,Nottingham Forest,Leeds United,328075,Ibrahim Sangare,MC,1,93,0,0,0,0,6.6,0.03,0.0,1,0,53,42,1,61,0,0,3,1,2,0,0,0
5795367,2026-08-22,Nottingham Forest,Leeds United,398414,Dan Ndoye,AMC,1,61,0,0,0,0,6.2,0.0,0.0,0,0,10,6,0,17,1,0,1,0,2,1,0,0
5795367,2026-08-22,Nottingham Forest,Leeds United,332867,Morgan Gibbs-White,AMC,1,93,0,0,0,0,6.2,0.15,0.01,3,0,38,32,0,69,1,1,0,3,1,0,2,0
5795367,2026-08-22,Nottingham Forest,Leeds United,397497,Igor Jesus,FW,1,93,0,0,0,0,7.0,0.12,0.0,3,1,23,18,0,41,1,0,10,0,1,2,2,0
5795367,2026-08-22,Nottingham Forest,Leeds United,262856,Xaver Schlager,Sub,0,20,0,0,0,0,5.9,0.0,0.0,0,0,10,9,0,11,0,0,0,0,0,0,0,0
5795367,2026-08-22,Nottingham Forest,Leeds United,384005,Arnaud Kalimuendo,Sub,0,1,0,0,0,0,6.0,0.0,0.0,0,0,0,0,0,0,0,0,0,0,0,0,0,0
5795367,2026-08-22,Nottingham Forest,Leeds United,394888,Luca Netz,Sub,0,20,0,0,0,0,5.9,0.0,0.0,0,0,9,7,0,11,0,0,0,0,1,0,0,0
5795367,2026-08-22,Nottingham Forest,Leeds United,73380,Chris Wood,Sub,0,32,0,0,0,0,6.0,0.08,0.01,1,0,5,5,0,9,0,0,1,0,0,0,0,0
5795367,2026-08-22,Leeds United,Nottingham Forest,404852,James Trafford,GK,1,93,0,0,0,0,7.1,0.0,0.0,0,0,35,19,0,44,0,0,0,0,0,0,0,3
5795367,2026-08-22,Leeds United,Nottingham Forest,439533,Tarik Muharemovic,DC,1,93,0,0,0,0,7.1,0.07,0.0,1,1,37,33,0,46,0,2,2,0,1,5,0,0
5795367,2026-08-22,Leeds United,Nottingham Forest,360941,Jaka Bijol,DC,1,93,0,0,0,0,8.1,0.09,0.0,2,0,55,44,0,72,1,2,7,0,1,9,0,0
5795367,2026-08-22,Leeds United,Nottingham Forest,302312,Joe Rodon,DC,1,93,0,0,0,0,7.5,0.03,0.11,1,0,25,18,1,41,1,1,4,0,2,5,0,0
5795367,2026-08-22,Leeds United,Nottingham Forest,354291,Jayden Bogle,DMR,1,93,0,0,0,0,6.7,0.0,0.0,0,0,23,16,0,39,2,1,0,1,1,1,0,0
5795367,2026-08-22,Leeds United,Nottingham Forest,301441,James Justin,DML,1,93,0,0,0,0,7.7,0.0,0.0,0,0,20,13,0,42,7,1,4,0,1,4,0,0
5795367,2026-08-22,Leeds United,Nottingham Forest,401073,Anton Stach,MC,1,93,1,0,0,0,8.3,0.1,0.04,3,1,31,17,0,57,4,4,2,0,2,4,1,0
5795367,2026-08-22,Leeds United,Nottingham Forest,322418,Ethan Ampadu,MC,1,93,0,0,0,0,7.2,0.0,0.01,0,0,51,41,2,70,5,3,0,1,2,3,0,0
5795367,2026-08-22,Leeds United,Nottingham Forest,371012,Brenden Aaronson,AMC,1,81,0,0,0,0,6.8,0.02,0.0,1,1,15,11,0,31,3,0,2,2,0,0,2,0
5795367,2026-08-22,Leeds United,Nottingham Forest,333044,Harry Wilson,AMC,1,65,0,0,0,0,6.6,0.0,0.01,0,0,15,13,1,24,2,0,0,1,1,0,0,0
5795367,2026-08-22,Leeds United,Nottingham Forest,141469,Dominic Calvert-Lewin,FW,1,93,0,0,1,0,6.1,0.12,0.0,3,0,14,5,0,22,1,0,4,0,2,0,0,0
5795367,2026-08-22,Leeds United,Nottingham Forest,376090,Noah Okafor,Sub,0,28,0,0,0,0,6.9,0.0,0.13,0,0,3,0,1,10,3,1,0,2,1,0,0,0
5795367,2026-08-22,Leeds United,Nottingham Forest,342811,Sean Longstaff,Sub,0,12,0,0,0,0,6.1,0.0,0.0,0,0,2,2,0,2,0,0,0,0,0,0,0,0
5795368,2026-08-22,Brentford,Tottenham Hotspur,322176,Caoimhin Kelleher,GK,1,94,0,0,0,0,7.5,0.0,0.01,0,0,34,27,0,43,0,0,0,0,0,0,0,4
5795368,2026-08-22,Brentford,Tottenham Hotspur,470031,Michael Kayode,DR,1,75,1,0,0,0,8.0,0.64,0.0,4,1,10,9,0,39,3,3,4,1,0,1,0,0
5795368,2026-08-22,Brentford,Tottenham Hotspur,372724,Nathan Collins,DC,1,94,0,0,0,0,6.8,0.35,0.07,2,0,62,53,2,73,1,0,2,0,0,3,0,0
5795368,2026-08-22,Brentford,Tottenham Hotspur,321085,Kristoffer Ajer,DC,1,94,0,0,0,0,7.9,0.04,0.01,1,1,34,28,0,46,3,2,6,0,1,6,0,0
5795368,2026-08-22,Brentford,Tottenham Hotspur,368512,Keane Lewis-Potter,DL,1,94,1,0,0,0,8.1,0.45,0.07,2,1,33,29,1,53,1,2,2,1,1,2,1,0
5795368,2026-08-22,Brentford,Tottenham Hotspur,298689,Vitaly Janelt,DMC,1,94,1,0,1,0,8.8,0.46,0.12,2,1,37,33,2,58,7,4,0,0,4,1,1,0
5795368,2026-08-22,Brentford,Tottenham Hotspur,442971,Mamadou Sangare,DMC,1,75,0,1,0,0,8.0,0.06,0.31,1,1,35,28,2,52,4,2,0,1,1,2,0,0
5795368,2026-08-22,Brentford,Tottenham Hotspur,422183,Dango Ouattara,AMR,1,66,0,0,0,0,6.9,0.03,0.27,2,0,11,6,2,28,0,2,1,0,3,0,1,0
5795368,2026-08-22,Brentford,Tottenham Hotspur,339674,Mathias Jensen,AMC,1,66,0,0,0,0,7.4,0.07,0.22,2,1,27,26,3,41,3,0,0,0,3,0,1,0
5795368,2026-08-22,Brentford,Tottenham Hotspur,407260,Kevin Schade,AML,1,94,0,0,0,0,8.0,0.33,0.01,5,2,20,11,1,42,3,0,4,1,0,1,3,0
5795368,2026-08-22,Brentford,Tottenham Hotspur,443784,Igor Thiago,FW,1,82,0,0,0,0,6.8,0.9,0.07,2,0,20,17,0,26,1,0,3,1,0,0,0,0
5795368,2026-08-22,Brentford,Tottenham Hotspur,401168,Mikkel Damsgaard,Sub,0,19,0,0,0,0,6.4,0.0,0.06,0,0,14,12,2,18,1,0,0,0,0,0,1,0
5795368,2026-08-22,Brentford,Tottenham Hotspur,134115,Callum Wilson,Sub,0,12,0,0,0,0,6.2,0.04,0.03,1,0,1,1,1,4,0,0,1,0,0,0,0,0
5795368,2026-08-22,Brentford,Tottenham Hotspur,400610,Jaidon Anthony,Sub,0,28,0,0,0,0,6.7,0.03,0.28,1,0,7,6,3,15,2,0,0,1,1,0,0,0
5795368,2026-08-22,Brentford,Tottenham Hotspur,402367,Aaron Hickey,Sub,0,19,0,0,0,0,6.0,0.0,0.0,0,0,5,3,0,9,0,0,0,0,2,0,0,0
5795368,2026-08-22,Brentford,Tottenham Hotspur,444304,Yehor Yarmoliuk,Sub,0,28,0,0,0,0,6.4,0.03,0.0,1,0,10,7,0,18,2,1,0,0,1,0,1,0
5795368,2026-08-22,Tottenham Hotspur,Brentford,457006,Antonin Kinsky,GK,1,94,0,0,0,0,7.0,0.0,0.0,0,0,43,31,0,61,0,0,1,0,0,4,0,5
5795368,2026-08-22,Tottenham Hotspur,Brentford,429922,Archie Gray,DR,1,85,0,0,0,0,6.0,0.0,0.0,0,0,40,33,0,51,2,1,1,1,0,1,0,0
5795368,2026-08-22,Tottenham Hotspur,Brentford,328330,Marcos Senesi,DC,1,94,0,0,0,0,7.0,0.0,0.0,0,0,83,75,0,105,6,1,4,0,2,8,0,0
5795368,2026-08-22,Tottenham Hotspur,Brentford,365402,Jan Paul van Hecke,DC,1,94,0,0,0,0,6.3,0.0,0.02,0,0,61,59,0,76,2,0,4,0,1,5,0,0
5795368,2026-08-22,Tottenham Hotspur,Brentford,115726,Andy Robertson,DL,1,94,0,0,0,0,7.2,0.0,0.08,0,0,56,47,1,78,2,2,1,0,0,5,0,0
5795368,2026-08-22,Tottenham Hotspur,Brentford,343501,Sandro Tonali,DMC,1,94,0,0,0,0,5.9,0.04,0.03,2,1,63,56,0,76,1,0,0,0,1,0,1,0
5795368,2026-08-22,Tottenham Hotspur,Brentford,505295,Lucas Bergvall,DMC,1,45,0,0,0,0,4.8,0.0,0.0,0,0,20,18,0,27,1,0,0,1,0,0,1,0
5795368,2026-08-22,Tottenham Hotspur,Brentford,526481,Mikey Moore,AMR,1,67,0,0,0,0,6.5,0.52,0.01,3,3,13,11,1,25,1,0,0,2,0,0,0,0
5795368,2026-08-22,Tottenham Hotspur,Brentford,375621,Conor Gallagher,AMC,1,45,0,0,1,0,5.8,0.02,0.07,1,0,19,16,0,27,1,0,0,0,1,0,0,0
5795368,2026-08-22,Tottenham Hotspur,Brentford,422885,Mathys Tel,AML,1,94,0,0,0,0,6.7,0.06,0.04,2,0,39,34,2,64,1,0,1,6,2,1,3,0
5795368,2026-08-22,Tottenham Hotspur,Brentford,317804,Richarlison,FW,1,67,0,0,0,0,5.8,0.0,0.0,0,0,9,8,0,18,1,0,0,1,2,1,1,0
5795368,2026-08-22,Tottenham Hotspur,Brentford,401044,Destiny Udogie,Sub,0,9,0,0,0,0,6.0,0.0,0.02,0,0,8,8,0,14,0,0,0,0,1,0,0,0
5795368,2026-08-22,Tottenham Hotspur,Brentford,447231,Mateus Fernandes,Sub,0,49,0,0,0,0,6.5,0.0,0.05,0,0,37,34,2,45,1,0,0,1,1,0,1,0
5795368,2026-08-22,Tottenham Hotspur,Brentford,303657,Rodrigo Bentancur,Sub,0,49,0,0,0,0,5.9,0.0,0.0,0,0,41,37,1,46,5,0,1,0,3,0,1,0
5795368,2026-08-22,Tottenham Hotspur,Brentford,137015,James Maddison,Sub,0,27,0,0,0,0,6.1,0.0,0.0,0,0,16,15,0,29,0,0,0,0,0,1,1,0
5795368,2026-08-22,Tottenham Hotspur,Brentford,136459,Dominic Solanke,Sub,0,27,0,0,0,0,6.0,0.06,0.0,1,0,1,0,0,6,0,0,0,0,0,0,1,0
5795369,2026-08-23,Brighton & Hove Albion,Aston Villa,400138,Bart Verbruggen,GK,1,95,0,0,0,0,6.7,0.0,0.0,0,0,34,34,0,35,0,0,0,0,0,0,0,0
5795369,2026-08-23,Brighton & Hove Albion,Aston Villa,445059,Mats Wieffer,DR,1,77,0,0,0,0,7.9,0.06,0.03,1,0,60,55,2,85,6,4,3,1,1,0,3,0
5795369,2026-08-23,Brighton & Hove Albion,Aston Villa,533010,Luka Vuskovic,DC,1,95,0,0,0,0,7.2,0.22,0.0,2,0,103,98,0,112,0,0,4,0,1,4,0,0
5795369,2026-08-23,Brighton & Hove Albion,Aston Villa,86441,Lewis Dunk,DC,1,95,0,0,0,0,7.2,0.0,0.01,0,0,114,109,0,118,1,1,2,0,2,0,0,0
5795369,2026-08-23,Brighton & Hove Albion,Aston Villa,260809,Olivier Boscagli,DL,1,95,0,0,0,0,7.4,0.0,0.01,0,0,66,65,0,84,2,2,1,0,0,3,0,0
5795369,2026-08-23,Brighton & Hove Albion,Aston Villa,71824,Pascal Gro,DMC,1,95,0,0,1,0,7.4,0.0,0.19,0,0,77,72,4,96,5,0,1,0,1,0,0,0
5795369,2026-08-23,Brighton & Hove Albion,Aston Villa,470690,Yasin Ayari,DMC,1,63,0,0,1,0,6.3,0.09,0.01,2,0,40,36,1,47,1,0,0,0,2,1,1,0
5795369,2026-08-23,Brighton & Hove Albion,Aston Villa,446133,Diego Gomez,AMR,1,85,0,1,0,0,8.0,0.16,0.61,3,2,33,27,2,51,4,1,2,0,0,1,2,0
5795369,2026-08-23,Brighton & Hove Albion,Aston Villa,469629,Jack Hinshelwood,AMC,1,63,2,0,0,0,8.9,1.27,0.01,3,2,14,13,1,25,2,0,1,1,0,0,0,0
5795369,2026-08-23,Brighton & Hove Albion,Aston Villa,392647,Maxim De Cuyper,AML,1,77,1,0,0,0,8.5,1.18,0.19,4,1,41,37,3,58,3,1,0,0,4,0,0,0
5795369,2026-08-23,Brighton & Hove Albion,Aston Villa,362433,Georginio Rutter,FW,1,95,0,1,0,0,7.7,0.06,0.63,2,0,12,7,1,30,2,0,0,1,0,1,5,0
5795369,2026-08-23,Brighton & Hove Albion,Aston Villa,519755,Ibrahim Osman,Sub,0,18,0,0,0,0,6.2,0.0,0.06,0,0,10,8,1,19,0,0,0,0,0,0,0,0
5795369,2026-08-23,Brighton & Hove Albion,Aston Villa,533923,Charalampos Kostoulas,Sub,0,32,0,0,0,0,6.1,0.28,0.0,2,0,6,3,0,12,1,0,2,0,0,0,1,0
5795369,2026-08-23,Brighton & Hove Albion,Aston Villa,395954,Costinha,Sub,0,32,0,0,0,0,6.8,0.07,0.0,2,1,17,17,0,29,1,1,0,0,0,2,2,0
5795369,2026-08-23,Brighton & Hove Albion,Aston Villa,623567,Zadok Yohanna,Sub,0,18,0,0,0,0,6.1,0.0,0.02,0,0,5,5,0,11,0,0,0,1,1,0,1,0
5795369,2026-08-23,Brighton & Hove Albion,Aston Villa,533015,Malick Yalcouye,Sub,0,10,0,0,0,0,6.1,0.0,0.0,0,0,15,15,0,15,0,0,0,0,0,0,0,0
5795369,2026-08-23,Aston Villa,Brighton & Hove Albion,83824,Marco Bizot,GK,1,95,0,0,0,0,6.0,0.0,0.0,0,0,29,18,0,38,0,0,0,0,0,2,0,3
5795369,2026-08-23,Aston Villa,Brighton & Hove Albion,322043,Matty Cash,DR,1,95,0,0,1,0,5.9,0.0,0.0,0,0,29,22,0,49,2,1,0,0,2,3,0,0
5795369,2026-08-23,Aston Villa,Brighton & Hove Albion,344259,Pau Torres,DC,1,73,0,0,0,0,4.3,0.0,0.0,0,0,26,20,0,33,2,1,1,0,1,4,0,0
5795369,2026-08-23,Aston Villa,Brighton & Hove Albion,100008,Victor Lindelof,DC,1,95,0,0,0,0,4.8,0.0,0.0,0,0,34,27,0,39,0,0,0,0,0,3,1,0
5795369,2026-08-23,Aston Villa,Brighton & Hove Albion,384134,Ian Maatsen,DL,1,81,0,0,0,0,6.0,0.04,0.0,1,0,8,6,0,39,2,2,0,0,0,5,2,0
5795369,2026-08-23,Aston Villa,Brighton & Hove Albion,403693,Joao Gomes,DMC,1,95,0,0,1,1,4.2,0.0,0.0,0,0,14,14,1,25,5,0,0,1,2,1,1,0
5795369,2026-08-23,Aston Villa,Brighton & Hove Albion,331790,Boubacar Kamara,DMC,1,95,0,0,0,0,5.9,0.0,0.0,0,0,24,23,0,39,3,1,0,1,2,1,4,0
5795369,2026-08-23,Aston Villa,Brighton & Hove Albion,318449,John McGinn,AMR,1,81,0,0,1,0,6.0,0.05,0.0,1,0,21,11,0,41,1,1,0,2,1,1,1,0
5795369,2026-08-23,Aston Villa,Brighton & Hove Albion,92547,Ross Barkley,AMC,1,73,0,0,0,0,6.2,0.04,0.01,1,0,25,20,2,40,0,0,1,2,0,0,4,0
5795369,2026-08-23,Aston Villa,Brighton & Hove Albion,576066,George Hemmings,AML,1,95,0,0,0,0,6.2,0.0,0.0,0,0,13,6,1,23,3,0,2,1,0,0,1,0
5795369,2026-08-23,Aston Villa,Brighton & Hove Albion,260592,Emiliano Buendia,FW,1,85,0,0,0,0,6.3,0.14,0.05,3,0,17,16,1,33,1,2,2,0,3,1,0,0
5795369,2026-08-23,Aston Villa,Brighton & Hove Albion,437022,Alejandro Garnacho,Sub,0,10,0,0,0,0,6.0,0.0,0.0,0,0,0,0,0,0,0,0,0,0,0,0,0,0
5795369,2026-08-23,Aston Villa,Brighton & Hove Albion,520919,Alysson,Sub,0,14,0,0,0,0,6.2,0.0,0.0,0,0,0,0,0,4,1,0,0,0,0,1,0,0
5795369,2026-08-23,Aston Villa,Brighton & Hove Albion,402046,Matteo Ruggeri,Sub,0,14,0,0,0,0,6.2,0.0,0.0,0,0,0,0,0,3,2,0,0,0,0,0,0,0
5795369,2026-08-23,Aston Villa,Brighton & Hove Albion,408946,Lamare Bogarde,Sub,0,22,0,0,0,0,6.1,0.0,0.0,0,0,2,2,0,4,0,0,1,0,0,1,0,0
5795369,2026-08-23,Aston Villa,Brighton & Hove Albion,123167,Tyrone Mings,Sub,0,22,0,0,0,0,6.1,0.0,0.0,0,0,0,0,0,1,1,0,0,0,0,0,0,0
5795370,2026-08-23,Manchester City,AFC Bournemouth,262515,Gianluigi Donnarumma,GK,1,95,0,0,0,0,7.2,0.0,0.0,0,0,20,15,0,29,0,0,0,0,0,1,0,3
5795370,2026-08-23,Manchester City,AFC Bournemouth,444791,Rico Lewis,DR,1,56,0,0,0,0,6.0,0.2,0.0,1,1,26,24,0,45,1,2,1,0,1,0,4,0
5795370,2026-08-23,Manchester City,AFC Bournemouth,313171,Ruben Dias,DC,1,95,0,0,0,0,6.8,0.0,0.05,0,0,128,112,1,139,0,0,4,0,0,6,0,0
5795370,2026-08-23,Manchester City,AFC Bournemouth,493206,Abdukodir Khusanov,DC,1,95,0,0,0,0,6.7,0.0,0.0,0,0,92,89,0,98,2,1,2,0,0,1,0,0
5795370,2026-08-23,Manchester City,AFC Bournemouth,402664,Josko Gvardiol,DL,1,95,1,0,0,0,7.5,0.43,0.02,1,1,74,63,0,93,2,4,2,1,0,1,0,0
5795370,2026-08-23,Manchester City,AFC Bournemouth,374631,Marc Guehi,DMC,1,95,1,0,0,0,8.0,0.49,0.3,2,1,61,58,1,75,3,0,2,1,1,1,1,0
5795370,2026-08-23,Manchester City,AFC Bournemouth,402596,Elliot Anderson,DMC,1,62,0,0,0,0,6.4,0.0,0.25,0,0,59,52,1,75,3,1,0,0,3,0,1,0
5795370,2026-08-23,Manchester City,AFC Bournemouth,331254,Phil Foden,AMR,1,81,0,0,1,0,6.8,0.09,0.32,2,0,54,43,2,80,3,0,1,1,2,0,2,0
5795370,2026-08-23,Manchester City,AFC Bournemouth,468847,Nico O'Reilly,AMC,1,62,0,0,0,0,6.3,0.02,0.32,1,0,23,21,1,34,1,0,0,0,1,1,1,0
5795370,2026-08-23,Manchester City,AFC Bournemouth,357073,Antoine Semenyo,AML,1,95,0,0,0,0,6.7,0.04,0.0,1,1,35,31,0,55,1,0,1,2,2,0,0,0
5795370,2026-08-23,Manchester City,AFC Bournemouth,315227,Erling Haaland,FW,1,95,0,0,0,0,6.7,0.69,0.02,5,2,16,11,0,26,0,0,2,1,0,0,1,0
5795370,2026-08-23,Manchester City,AFC Bournemouth,93894,Mateo Kovacic,Sub,0,33,0,0,0,0,6.3,0.0,0.0,0,0,26,26,0,27,0,0,0,0,0,0,0,0
5795370,2026-08-23,Manchester City,AFC Bournemouth,386153,Rayan Cherki,Sub,0,33,0,2,0,0,7.6,0.0,0.44,0,0,14,13,4,19,0,0,0,0,0,0,0,0
5795370,2026-08-23,Manchester City,AFC Bournemouth,394933,Matheus Nunes,Sub,0,39,0,0,0,0,6.3,0.0,0.05,0,0,23,20,0,28,0,0,0,0,0,1,0,0
5795370,2026-08-23,Manchester City,AFC Bournemouth,113069,Jack Grealish,Sub,0,14,0,0,0,0,6.2,0.0,0.0,0,0,7,6,0,9,1,0,0,0,1,0,1,0
5795370,2026-08-23,AFC Bournemouth,Manchester City,406564,Djordje Petrovic,GK,1,95,0,0,0,0,7.1,0.0,0.0,0,0,42,24,0,52,0,0,1,0,0,2,0,4
5795370,2026-08-23,AFC Bournemouth,Manchester City,69877,Adam Smith,DR,1,95,0,0,0,0,6.2,0.0,0.0,0,0,17,13,0,35,3,2,1,0,1,2,0,0
5795370,2026-08-23,AFC Bournemouth,Manchester City,443613,Antonio Silva,DC,1,95,0,0,1,0,6.4,0.0,0.0,0,0,39,36,0,53,1,0,1,0,0,11,0,0
5795370,2026-08-23,AFC Bournemouth,Manchester City,362837,James Hill,DC,1,95,0,0,0,0,6.2,0.0,0.0,0,0,47,40,0,55,1,0,2,0,2,5,0,0
5795370,2026-08-23,AFC Bournemouth,Manchester City,398301,Adrien Truffert,DL,1,95,0,0,0,0,6.8,0.0,0.0,0,0,27,23,0,46,2,0,1,1,4,4,1,0
5795370,2026-08-23,AFC Bournemouth,Manchester City,410998,Alex Scott,DMC,1,95,0,0,0,0,6.4,0.0,0.0,0,0,47,38,0,57,5,1,0,0,0,0,0,0
5795370,2026-08-23,AFC Bournemouth,Manchester City,136456,Lewis Cook,DMC,1,75,0,0,0,0,6.6,0.0,0.0,0,0,27,21,0,35,2,2,1,0,0,1,2,0
5795370,2026-08-23,AFC Bournemouth,Manchester City,472122,Rayan,AMR,1,88,0,0,0,0,6.4,0.08,0.05,1,1,15,8,1,24,0,1,3,0,0,0,1,0
5795370,2026-08-23,AFC Bournemouth,Manchester City,331579,Justin Kluivert,AMC,1,74,0,0,0,0,7.1,0.06,0.0,1,1,12,7,1,23,3,1,0,1,1,0,0,0
5795370,2026-08-23,AFC Bournemouth,Manchester City,344314,Marcus Tavernier,AML,1,95,1,0,0,0,7.2,0.38,0.04,2,1,27,23,1,49,3,0,1,0,1,2,2,0
5795370,2026-08-23,AFC Bournemouth,Manchester City,384430,Evanilson,FW,1,74,0,1,1,0,7.1,0.0,0.24,0,0,13,10,1,25,1,3,0,0,2,1,1,0
5795370,2026-08-23,AFC Bournemouth,Manchester City,476166,Alex Toth,Sub,0,21,0,0,0,0,5.9,0.0,0.0,0,0,13,12,0,17,1,0,0,0,0,0,0,0
5795370,2026-08-23,AFC Bournemouth,Manchester City,315275,Tyler Adams,Sub,0,20,0,0,0,0,6.1,0.0,0.0,0,0,10,8,0,14,0,3,0,0,0,0,0,0
5795370,2026-08-23,AFC Bournemouth,Manchester City,415163,Daniel Jebbison,Sub,0,21,0,0,0,0,6.0,0.03,0.0,1,1,5,5,0,9,0,0,0,0,0,0,0,0
5795370,2026-08-23,AFC Bournemouth,Manchester City,430350,Ben Gannon-Doak,Sub,0,7,0,0,0,0,5.9,0.0,0.0,0,0,3,2,0,5,0,0,0,0,0,0,1,0
5795371,2026-08-23,Newcastle United,Liverpool,415682,Lukas Hornicek,GK,1,99,0,0,1,0,6.5,0.0,0.01,0,0,38,22,0,50,0,0,0,0,0,3,0,5
5795371,2026-08-23,Newcastle United,Liverpool,418203,Amar Dedic,DR,1,99,0,0,0,0,6.4,0.03,0.0,1,0,20,18,0,51,2,0,1,0,3,6,0,0
5795371,2026-08-23,Newcastle United,Liverpool,393355,Malick Thiaw,DC,1,99,0,0,0,0,6.1,0.0,0.0,0,0,30,20,0,48,0,0,3,0,1,9,0,0
5795371,2026-08-23,Newcastle United,Liverpool,379732,Sven Botman,DC,1,99,0,0,0,0,6.5,0.0,0.01,0,0,34,27,0,48,0,0,1,0,0,6,1,0
5795371,2026-08-23,Newcastle United,Liverpool,430294,Lewis Hall,DL,1,99,0,0,0,0,6.6,0.0,0.44,0,0,24,17,1,54,5,2,0,0,2,3,0,0
5795371,2026-08-23,Newcastle United,Liverpool,552573,Sean Steur,DMC,1,55,0,0,0,0,5.9,0.0,0.0,0,0,29,22,0,31,0,0,0,0,0,0,1,0
5795371,2026-08-23,Newcastle United,Liverpool,474264,Lewis Miley,DMC,1,75,0,0,1,0,7.0,0.05,0.0,1,0,36,30,2,47,1,1,2,1,1,4,0,0
5795371,2026-08-23,Newcastle United,Liverpool,413211,Anthony Elanga,AMR,1,75,1,0,0,0,7.4,0.33,0.0,2,2,21,15,0,32,1,0,1,1,1,1,0,0
5795371,2026-08-23,Newcastle United,Liverpool,296240,Yoane Wissa,AMC,1,94,0,0,1,0,6.7,0.85,0.0,4,1,17,12,1,41,4,0,2,1,3,1,3,0
5795371,2026-08-23,Newcastle United,Liverpool,331382,Harvey Barnes,AML,1,99,0,0,0,0,6.3,0.04,0.0,1,0,17,13,0,33,3,0,0,0,1,3,1,0
5795371,2026-08-23,Newcastle United,Liverpool,416209,William Osula,FW,1,55,0,1,0,0,6.9,0.07,0.15,2,0,5,4,1,20,2,0,0,0,0,0,1,0
5795371,2026-08-23,Newcastle United,Liverpool,546589,Aladji Bamba,Sub,0,24,0,0,0,0,6.1,0.0,0.0,0,0,1,1,0,5,1,0,1,0,0,1,0,0
5795371,2026-08-23,Newcastle United,Liverpool,82726,Fabian Schar,Sub,0,5,0,0,0,0,5.9,0.0,0.0,0,0,0,0,0,0,0,0,0,0,0,0,0,0
5795371,2026-08-23,Newcastle United,Liverpool,141486,Jacob Murphy,Sub,0,24,0,0,1,0,5.7,0.0,0.0,0,0,1,1,0,7,1,0,0,0,1,1,0,0
5795371,2026-08-23,Newcastle United,Liverpool,369813,Jacob Ramsey,Sub,0,44,0,0,1,0,6.3,0.05,0.0,1,0,16,15,0,25,2,1,0,0,1,1,0,0
5795371,2026-08-23,Newcastle United,Liverpool,342563,Joe Willock,Sub,0,44,1,0,0,0,7.5,0.08,0.14,1,1,7,7,1,15,2,0,0,1,2,0,0,0
5795371,2026-08-23,Liverpool,Newcastle United,114147,Alisson Becker,GK,1,99,0,0,0,0,5.8,0.0,0.0,0,0,19,15,0,28,0,0,0,0,0,2,0,3
5795371,2026-08-23,Liverpool,Newcastle United,392644,Jeremie Frimpong,DR,1,99,0,0,1,0,6.1,0.02,0.08,1,0,43,36,3,66,3,0,0,1,2,1,0,0
5795371,2026-08-23,Liverpool,Newcastle United,468827,Jeremy Jacquet,DC,1,69,0,0,0,0,6.5,0.0,0.0,0,0,42,38,1,51,1,1,1,1,1,1,0,0
5795371,2026-08-23,Liverpool,Newcastle United,95408,Virgil van Dijk,DC,1,99,0,0,1,0,7.0,0.09,0.0,2,1,58,50,0,74,2,0,3,0,0,9,0,0
5795371,2026-08-23,Liverpool,Newcastle United,424273,Milos Kerkez,DL,1,99,0,0,1,0,6.6,0.04,0.01,2,1,41,33,1,64,3,1,2,0,3,2,3,0
5795371,2026-08-23,Liverpool,Newcastle United,369875,Dominik Szoboszlai,DMC,1,99,1,0,0,0,7.1,0.86,0.22,3,1,58,47,3,88,1,1,0,1,2,0,1,0
5795371,2026-08-23,Liverpool,Newcastle United,363884,Ryan Gravenberch,DMC,1,77,0,0,0,0,6.4,0.07,0.03,2,0,47,43,1,63,1,2,0,0,1,0,5,0
5795371,2026-08-23,Liverpool,Newcastle United,548566,Rio Ngumoha,AMR,1,62,0,0,0,0,6.1,0.06,0.02,1,0,13,10,0,21,1,0,0,0,1,0,1,0
5795371,2026-08-23,Liverpool,Newcastle United,394786,Florian Wirtz,AMC,1,62,0,0,0,0,6.5,0.2,0.01,3,1,33,29,1,43,1,0,0,1,0,0,0,0
5795371,2026-08-23,Liverpool,Newcastle United,352825,Cody Gakpo,AML,1,99,1,0,0,0,7.9,0.29,0.14,6,1,28,20,3,58,4,3,1,0,4,1,0,0
5795371,2026-08-23,Liverpool,Newcastle United,299254,Alexander Isak,FW,1,99,0,0,0,0,6.8,1.69,0.0,4,2,13,10,1,29,0,0,3,0,0,0,1,0
5795371,2026-08-23,Liverpool,Newcastle United,345319,Alexis Mac Allister,Sub,0,37,0,0,0,0,6.4,0.0,0.0,0,0,12,11,0,18,3,0,0,0,0,0,0,0
5795371,2026-08-23,Liverpool,Newcastle United,384711,Ronald Araujo,Sub,0,30,0,0,0,0,6.6,0.0,0.02,0,0,29,26,0,35,1,0,3,0,1,2,0,0
5795371,2026-08-23,Liverpool,Newcastle United,492374,Lewis Koumas,Sub,0,22,0,0,0,0,6.2,0.04,0.0,1,0,3,2,0,5,0,0,0,1,0,0,0,0
5795371,2026-08-23,Liverpool,Newcastle United,548106,Victor Munoz,Sub,0,37,0,0,0,0,6.7,0.09,0.03,2,0,6,5,0,17,0,0,0,0,0,0,0,0
5795372,2026-08-24,Fulham,Chelsea,92173,Bernd Leno,GK,1,94,0,0,0,0,6.1,0.0,0.0,0,0,42,34,0,51,0,0,0,0,0,1,0,3
5795372,2026-08-24,Fulham,Chelsea,141169,Timothy Castagne,DR,1,94,0,1,1,0,7.4,0.07,0.12,1,1,43,34,2,64,2,1,3,1,2,3,0,0
5795372,2026-08-24,Fulham,Chelsea,396976,Calvin Bassey,DC,1,94,0,0,1,0,5.8,0.03,0.01,1,0,89,81,0,105,2,0,0,0,1,3,0,0
5795372,2026-08-24,Fulham,Chelsea,333182,Jorge Cuenca,DC,1,94,0,0,0,0,6.2,0.0,0.03,0,0,87,77,2,99,1,1,2,0,0,5,0,0
5795372,2026-08-24,Fulham,Chelsea,306581,Antonee Robinson,DL,1,81,0,0,0,0,6.6,0.2,0.01,1,0,50,38,1,69,7,1,0,1,0,2,1,0
5795372,2026-08-24,Fulham,Chelsea,136824,Alex Iwobi,DMC,1,94,0,0,0,0,6.3,0.0,0.02,0,0,92,83,0,103,3,3,0,0,0,0,1,0
5795372,2026-08-24,Fulham,Chelsea,321020,Sander Berge,DMC,1,72,0,0,0,0,6.2,0.03,0.01,1,0,61,58,2,67,2,0,1,0,0,0,1,0
5795372,2026-08-24,Fulham,Chelsea,430709,Oscar Bobb,AMR,1,66,0,0,0,0,6.5,0.0,0.24,0,0,25,23,1,40,3,1,0,1,1,0,1,0
5795372,2026-08-24,Fulham,Chelsea,515865,Josh King,AMC,1,94,1,0,0,0,7.3,0.14,0.05,3,2,36,28,1,57,3,0,0,0,2,2,1,0
5795372,2026-08-24,Fulham,Chelsea,534901,Cesar Palacios,AML,1,72,0,0,0,0,6.2,0.14,0.0,2,0,37,32,0,52,2,0,0,1,2,0,1,0
5795372,2026-08-24,Fulham,Chelsea,498798,Gonzalo Garcia,FW,1,94,1,0,0,0,7.3,0.58,0.0,3,1,27,23,0,45,2,0,4,1,2,0,2,0
5795372,2026-08-24,Fulham,Chelsea,403649,Rodrigo Muniz,Sub,0,13,0,0,0,0,6.5,0.02,0.0,1,1,4,2,1,7,0,0,3,0,0,1,0,0
5795372,2026-08-24,Fulham,Chelsea,322611,Ryan Sessegnon,Sub,0,22,0,0,0,0,6.6,0.03,0.0,1,1,7,4,0,19,1,1,1,2,0,0,2,0
5795372,2026-08-24,Fulham,Chelsea,428060,Shea Charles,Sub,0,28,0,0,0,0,6.2,0.0,0.0,0,0,29,27,0,31,1,0,0,0,0,0,0,0
5795372,2026-08-24,Fulham,Chelsea,429174,Kevin,Sub,0,22,0,0,0,0,6.1,0.0,0.0,0,0,10,9,0,20,4,0,0,1,2,0,1,0
5795372,2026-08-24,Chelsea,Fulham,362151,Robert Sanchez,GK,1,94,0,0,0,0,5.9,0.0,0.02,0,0,29,13,0,39,0,0,0,0,0,1,0,4
5795372,2026-08-24,Chelsea,Fulham,401130,Maxence Lacroix,DC,1,94,0,1,0,0,8.1,0.0,0.19,0,0,50,47,1,68,6,2,2,0,1,4,2,0
5795372,2026-08-24,Chelsea,Fulham,518604,Josh Acheampong,DC,1,94,0,0,0,0,7.1,0.0,0.0,0,0,48,38,0,67,7,1,1,0,0,7,1,0
5795372,2026-08-24,Chelsea,Fulham,421351,Levi Colwill,DC,1,94,0,0,1,0,5.9,0.02,0.03,1,0,30,28,0,41,2,0,0,1,1,2,0,0
5795372,2026-08-24,Chelsea,Fulham,403850,Malo Gusto,DMR,1,75,0,0,0,0,6.6,0.0,0.02,0,0,24,20,0,43,1,1,2,0,1,1,2,0
5795372,2026-08-24,Chelsea,Fulham,467715,Jorrel Hato,DML,1,64,0,0,0,0,6.7,0.02,0.05,1,0,22,18,1,41,3,0,0,1,0,1,0,0
5795372,2026-08-24,Chelsea,Fulham,425319,Romeo Lavia,MC,1,64,0,0,1,0,6.7,0.43,0.02,1,1,22,21,2,34,4,1,0,0,1,1,0,0
5795372,2026-08-24,Chelsea,Fulham,361330,Reece James,MC,1,94,0,0,1,0,6.7,0.08,0.03,2,1,50,44,1,70,1,2,1,0,1,2,2,0
5795372,2026-08-24,Chelsea,Fulham,395692,Cole Palmer,AMC,1,82,1,1,0,0,9.1,0.48,0.11,5,2,34,30,3,63,2,0,0,5,0,0,2,0
5795372,2026-08-24,Chelsea,Fulham,362824,Morgan Rogers,AMC,1,81,1,0,0,0,8.2,0.58,0.09,3,1,23,16,5,41,2,0,2,3,1,0,1,0
5795372,2026-08-24,Chelsea,Fulham,373525,Joao Pedro,FW,1,94,1,1,0,0,8.1,0.52,0.04,4,1,20,15,2,39,1,0,2,1,1,1,2,0
5795372,2026-08-24,Chelsea,Fulham,369430,Enzo Fernandez,Sub,0,30,0,0,0,0,6.1,0.0,0.0,0,0,21,19,1,25,0,0,0,0,0,0,1,0
5795372,2026-08-24,Chelsea,Fulham,509068,Geovany Quenda,Sub,0,13,0,0,0,0,6.0,0.0,0.0,0,0,4,2,0,6,0,0,0,0,0,1,0,0
5795372,2026-08-24,Chelsea,Fulham,337916,Pedro Neto,Sub,0,19,0,0,0,0,6.7,0.04,0.05,1,0,5,3,0,14,1,0,0,3,0,0,0,0
5795372,2026-08-24,Chelsea,Fulham,448468,Pep Chavarria,Sub,0,30,0,0,0,0,6.0,0.0,0.0,0,0,8,5,0,12,0,0,0,0,0,1,1,0
5795372,2026-08-24,Chelsea,Fulham,510728,Estevao,Sub,0,12,0,0,0,0,5.9,0.0,0.0,0,0,4,3,0,5,1,0,0,0,0,0,0,0
5795425,2026-08-29,AFC Bournemouth,Everton,406564,Djordje Petrovic,GK,1,94,0,0,0,0,6.9,0.0,0.0,0,0,35,24,0,49,0,0,1,0,0,3,0,5
5795425,2026-08-29,AFC Bournemouth,Everton,69877,Adam Smith,DR,1,94,0,0,1,0,6.4,0.0,0.02,0,0,34,28,1,57,3,1,1,0,1,3,0,0
5795425,2026-08-29,AFC Bournemouth,Everton,443613,Antonio Silva,DC,1,94,0,0,0,0,6.9,0.1,0.01,1,0,50,44,0,63,3,2,3,0,1,6,0,0
5795425,2026-08-29,AFC Bournemouth,Everton,362837,James Hill,DC,1,94,0,0,0,0,7.2,0.0,0.98,0,0,66,48,2,82,3,2,7,0,1,7,0,0
5795425,2026-08-29,AFC Bournemouth,Everton,398301,Adrien Truffert,DL,1,94,0,0,0,0,7.4,0.0,0.09,0,0,43,40,2,70,3,2,1,0,0,4,0,0
5795425,2026-08-29,AFC Bournemouth,Everton,136456,Lewis Cook,DMC,1,68,0,0,0,0,6.7,0.0,0.0,0,0,39,37,1,41,0,0,3,0,0,0,1,0
5795425,2026-08-29,AFC Bournemouth,Everton,410998,Alex Scott,DMC,1,86,1,0,1,0,8.2,0.15,0.27,2,1,52,42,2,84,3,1,1,1,2,2,3,0
5795425,2026-08-29,AFC Bournemouth,Everton,472122,Rayan,AMR,1,94,0,0,0,0,6.2,0.71,0.0,5,2,18,15,0,32,3,0,2,0,0,1,1,0
5795425,2026-08-29,AFC Bournemouth,Everton,331579,Justin Kluivert,AMC,1,80,0,0,0,0,6.8,0.87,0.05,4,2,17,15,2,34,0,0,0,2,1,0,3,0
5795425,2026-08-29,AFC Bournemouth,Everton,344314,Marcus Tavernier,AML,1,94,0,0,1,0,7.0,0.11,0.16,2,0,42,35,2,75,4,0,1,1,0,1,3,0
5795425,2026-08-29,AFC Bournemouth,Everton,384430,Evanilson,FW,1,80,0,1,0,0,7.1,1.09,0.07,3,0,23,17,2,35,0,1,3,0,3,0,1,0
5795425,2026-08-29,AFC Bournemouth,Everton,315275,Tyler Adams,Sub,0,26,0,0,0,0,5.9,0.0,0.0,0,0,16,15,0,17,0,0,0,0,0,0,0,0
5795425,2026-08-29,AFC Bournemouth,Everton,128882,Ryan Christie,Sub,0,8,0,0,0,0,6.1,0.0,0.0,0,0,6,5,0,8,1,0,1,0,0,0,0,0
5795425,2026-08-29,AFC Bournemouth,Everton,295084,David Brooks,Sub,0,14,0,0,0,0,5.9,0.0,0.0,0,0,9,7,0,10,0,0,0,0,1,0,0,0
5795425,2026-08-29,AFC Bournemouth,Everton,460772,Alvaro Rodriguez,Sub,0,14,0,0,0,0,6.0,0.0,0.0,0,0,3,2,0,6,0,0,0,1,1,0,0,0
5795425,2026-08-29,Everton,AFC Bournemouth,110189,Jordan Pickford,GK,1,94,0,0,0,0,7.2,0.0,0.0,0,0,32,13,0,47,0,0,0,0,0,4,0,4
5795425,2026-08-29,Everton,AFC Bournemouth,419945,Merlin Rohl,DR,1,85,0,0,0,0,6.2,0.0,0.0,0,0,24,20,0,50,3,0,0,0,1,2,1,0
5795425,2026-08-29,Everton,AFC Bournemouth,131464,James Tarkowski,DC,1,94,1,0,0,0,8.2,0.04,0.0,1,1,40,34,1,57,1,3,5,0,1,5,0,0
5795425,2026-08-29,Everton,AFC Bournemouth,381045,Jarrad Branthwaite,DC,1,94,0,0,0,0,6.8,0.2,0.0,1,1,27,19,0,42,1,2,2,0,1,9,0,0
5795425,2026-08-29,Everton,AFC Bournemouth,345516,Vitalii Mykolenko,DL,1,94,0,0,0,0,7.0,0.0,0.0,0,0,36,23,0,68,2,1,4,1,1,6,0,0
5795425,2026-08-29,Everton,AFC Bournemouth,367781,James Garner,DMC,1,61,0,0,1,0,6.0,0.0,0.0,0,0,22,19,0,33,3,0,0,0,2,0,0,0
5795425,2026-08-29,Everton,AFC Bournemouth,535879,Harrison Armstrong,DMC,1,86,0,0,0,0,6.5,0.0,0.03,0,0,20,19,1,35,5,2,1,0,2,1,2,0
5795425,2026-08-29,Everton,AFC Bournemouth,366116,Iliman Ndiaye,AMR,1,94,0,0,0,0,6.8,0.05,0.08,2,1,32,31,1,54,1,2,1,1,2,3,1,0
5795425,2026-08-29,Everton,AFC Bournemouth,391256,Kiernan Dewsbury-Hall,AMC,1,94,0,0,0,0,7.2,0.04,0.12,2,1,32,25,4,53,3,0,0,1,1,0,2,0
5795425,2026-08-29,Everton,AFC Bournemouth,523597,Tyrique George,AML,1,61,0,0,0,0,6.4,0.07,0.0,2,1,14,13,1,28,1,0,0,1,0,0,1,0
5795425,2026-08-29,Everton,AFC Bournemouth,537713,Thierno Barry,FW,1,69,0,0,0,0,6.4,1.03,0.0,3,2,9,5,1,19,0,0,2,1,0,2,0,0
5795425,2026-08-29,Everton,AFC Bournemouth,380546,Beto,Sub,0,25,0,0,0,0,6.0,0.03,0.0,1,0,2,2,0,8,0,0,0,0,0,0,1,0
5795425,2026-08-29,Everton,AFC Bournemouth,416208,Tim Iroegbunam,Sub,0,9,0,0,0,0,6.1,0.0,0.0,0,0,0,0,0,1,0,0,0,0,1,0,0,0
5795425,2026-08-29,Everton,AFC Bournemouth,388651,Hayden Hackney,Sub,0,33,0,0,0,0,6.2,0.0,0.0,0,0,17,16,0,22,2,1,0,0,0,0,0,0
5795425,2026-08-29,Everton,AFC Bournemouth,379688,Brennan Johnson,Sub,0,33,0,0,0,0,6.1,0.0,0.0,0,0,3,1,0,6,1,0,0,0,1,0,1,0
5795425,2026-08-29,Everton,AFC Bournemouth,391348,Charly Alcaraz,Sub,0,8,0,0,1,0,6.0,0.03,0.01,1,0,3,2,0,5,0,0,0,0,1,0,0,0
5795426,2026-08-31,Aston Villa,Arsenal,447570,Zion Suzuki,GK,1,99,0,0,0,0,6.0,0.0,0.0,0,0,27,17,0,36,0,0,0,0,0,2,0,1
5795426,2026-08-31,Aston Villa,Arsenal,322043,Matty Cash,DR,1,77,0,0,0,0,6.6,0.07,0.0,1,0,23,19,0,41,4,0,0,0,2,1,0,0
5795426,2026-08-31,Aston Villa,Arsenal,344259,Pau Torres,DC,1,99,0,0,0,0,6.1,0.0,0.0,0,0,52,41,0,61,1,0,0,0,1,3,0,0
5795426,2026-08-31,Aston Villa,Arsenal,100008,Victor Lindelof,DC,1,99,0,0,0,0,6.3,0.0,0.08,0,0,38,35,0,46,2,0,1,0,0,6,0,0
5795426,2026-08-31,Aston Villa,Arsenal,384134,Ian Maatsen,DL,1,99,0,0,1,0,6.1,0.07,0.0,2,0,15,13,0,43,5,2,0,0,5,3,0,0
5795426,2026-08-31,Aston Villa,Arsenal,331790,Boubacar Kamara,DMC,1,99,0,0,0,0,6.5,0.0,0.01,0,0,42,36,1,53,1,0,2,1,3,3,0,0
5795426,2026-08-31,Aston Villa,Arsenal,92547,Ross Barkley,DMC,1,77,0,0,0,0,6.7,0.06,0.01,1,0,37,34,2,45,3,0,1,0,0,1,0,0
5795426,2026-08-31,Aston Villa,Arsenal,318449,John McGinn,AMR,1,99,0,0,1,0,5.4,0.06,0.06,2,0,21,15,1,41,3,1,0,0,3,0,3,0
5795426,2026-08-31,Aston Villa,Arsenal,260592,Emiliano Buendia,AMC,1,99,0,0,0,0,6.4,0.04,0.02,1,0,33,23,1,49,3,0,2,1,0,0,2,0
5795426,2026-08-31,Aston Villa,Arsenal,576066,George Hemmings,AML,1,70,0,0,0,0,6.0,0.0,0.0,0,0,16,10,0,22,3,0,1,0,2,0,2,0
5795426,2026-08-31,Aston Villa,Arsenal,426050,Nicolas Jackson,FW,1,70,0,0,0,0,6.5,0.0,0.12,0,0,12,9,0,24,0,0,1,3,0,0,0,0
5795426,2026-08-31,Aston Villa,Arsenal,437022,Alejandro Garnacho,Sub,0,22,0,0,0,0,6.0,0.0,0.0,0,0,7,7,0,10,0,0,0,0,0,0,1,0
5795426,2026-08-31,Aston Villa,Arsenal,520919,Alysson,Sub,0,29,0,0,1,0,6.0,0.0,0.0,0,0,7,6,0,11,1,0,0,0,0,0,0,0
5795426,2026-08-31,Aston Villa,Arsenal,331924,Aaron Wan-Bissaka,Sub,0,22,0,0,0,0,6.2,0.0,0.0,0,0,8,7,0,11,2,0,0,0,1,0,0,0
5795426,2026-08-31,Aston Villa,Arsenal,317506,Tammy Abraham,Sub,0,29,0,0,0,0,6.1,0.0,0.0,0,0,1,1,0,1,0,0,1,0,0,0,0,0
5795426,2026-08-31,Arsenal,Aston Villa,276366,David Raya,GK,1,99,0,0,0,0,6.6,0.0,0.0,0,0,33,23,0,41,0,0,0,0,0,1,0,0
5795426,2026-08-31,Arsenal,Aston Villa,322036,Ben White,DR,1,99,0,0,0,0,7.2,0.0,0.05,0,0,36,24,1,59,1,1,3,1,0,2,0,0
5795426,2026-08-31,Arsenal,Aston Villa,334087,Gabriel Magalhaes,DC,1,99,0,0,0,0,7.2,0.3,0.0,1,0,74,68,0,89,3,2,1,1,1,6,0,0
5795426,2026-08-31,Arsenal,Aston Villa,425591,Cristhian Mosquera,DC,1,78,0,0,0,0,6.6,0.0,0.0,0,0,55,53,0,61,1,1,0,0,0,3,1,0
5795426,2026-08-31,Arsenal,Aston Villa,386519,Riccardo Calafiori,DL,1,99,0,1,0,0,7.4,0.04,0.6,1,0,21,19,1,38,1,1,3,0,1,1,1,0
5795426,2026-08-31,Arsenal,Aston Villa,467918,Myles Lewis-Skelly,DMC,1,70,0,0,0,0,6.7,0.06,0.0,1,0,50,47,0,57,0,1,0,0,0,2,0,0
5795426,2026-08-31,Arsenal,Aston Villa,332325,Declan Rice,DMC,1,84,0,0,0,0,7.2,0.0,0.05,0,0,77,71,2,88,4,1,1,0,0,0,0,0
5795426,2026-08-31,Arsenal,Aston Villa,367185,Bukayo Saka,AMR,1,99,1,0,0,0,8.1,0.91,0.01,2,1,47,38,0,77,2,2,2,2,0,1,2,0
5795426,2026-08-31,Arsenal,Aston Villa,247454,Martin degaard,AMC,1,70,0,0,0,0,6.6,0.07,0.02,1,0,44,41,0,55,3,0,0,0,0,2,0,0
5795426,2026-08-31,Arsenal,Aston Villa,399296,Christos Tzolis,AML,1,45,0,0,1,0,6.0,0.0,0.0,0,0,10,9,1,25,1,0,0,0,1,1,1,0
5795426,2026-08-31,Arsenal,Aston Villa,326413,Kai Havertz,FW,1,99,0,0,0,0,6.3,0.03,0.03,1,1,15,11,0,26,0,0,1,0,1,0,1,0
5795426,2026-08-31,Arsenal,Aston Villa,338780,Bruno Guimaraes,Sub,0,29,0,0,0,0,6.0,0.0,0.01,0,0,15,13,0,22,0,0,0,0,0,0,1,0
5795426,2026-08-31,Arsenal,Aston Villa,372424,Martin Zubimendi,Sub,0,15,0,0,0,0,6.2,0.0,0.0,0,0,9,8,0,14,2,0,0,0,0,0,0,0
5795426,2026-08-31,Arsenal,Aston Villa,238916,Mikel Merino,Sub,0,29,0,0,0,0,6.7,0.0,0.0,0,0,14,14,0,19,0,0,1,3,2,0,0,0
5795426,2026-08-31,Arsenal,Aston Villa,301440,Ezri Konsa,Sub,0,21,0,0,0,0,6.2,0.0,0.0,0,0,10,10,0,11,0,0,1,0,0,1,0,0
5795426,2026-08-31,Arsenal,Aston Villa,332403,Eberechi Eze,Sub,0,54,0,0,0,0,6.3,0.0,0.03,0,0,20,16,0,30,0,0,1,1,0,0,1,0
5795427,2026-08-30,Chelsea,Brighton & Hove Albion,102248,Emiliano Martinez,GK,1,95,0,0,0,0,7.4,0.0,0.03,0,0,38,16,2,49,0,0,1,0,0,1,0,4
5795427,2026-08-30,Chelsea,Brighton & Hove Albion,401130,Maxence Lacroix,DC,1,95,0,0,0,0,6.4,0.03,0.0,1,0,20,16,0,36,1,0,3,0,0,8,0,0
5795427,2026-08-30,Chelsea,Brighton & Hove Albion,373946,Wesley Fofana,DC,1,67,0,0,1,0,6.3,0.0,0.0,0,0,13,13,0,24,0,1,0,0,0,7,0,0
5795427,2026-08-30,Chelsea,Brighton & Hove Albion,421351,Levi Colwill,DC,1,71,0,0,0,0,6.7,0.0,0.0,0,0,21,13,0,36,1,2,4,0,0,6,0,0
5795427,2026-08-30,Chelsea,Brighton & Hove Albion,337916,Pedro Neto,DMR,1,67,1,0,0,0,7.8,0.72,0.24,2,2,12,9,2,23,2,1,1,1,1,2,0,0
5795427,2026-08-30,Chelsea,Brighton & Hove Albion,467715,Jorrel Hato,DML,1,95,0,1,0,0,7.2,0.0,0.11,0,0,14,10,2,30,2,1,1,0,0,3,1,0
5795427,2026-08-30,Chelsea,Brighton & Hove Albion,425319,Romeo Lavia,MC,1,67,1,0,0,0,7.3,0.48,0.0,1,1,18,17,0,26,1,1,0,0,0,2,0,0
5795427,2026-08-30,Chelsea,Brighton & Hove Albion,403850,Malo Gusto,MC,1,95,0,0,0,0,6.5,0.0,0.0,0,0,12,6,0,28,3,1,1,1,0,3,0,0
5795427,2026-08-30,Chelsea,Brighton & Hove Albion,395692,Cole Palmer,AMC,1,95,1,0,0,0,7.5,0.66,0.1,4,1,23,15,2,36,3,1,1,0,1,1,2,0
5795427,2026-08-30,Chelsea,Brighton & Hove Albion,362824,Morgan Rogers,AMC,1,95,0,1,0,0,7.5,0.15,0.82,3,0,16,13,4,34,1,0,1,0,2,1,1,0
5795427,2026-08-30,Chelsea,Brighton & Hove Albion,373525,Joao Pedro,FW,1,95,1,0,0,0,8.3,1.13,0.02,5,2,23,14,2,44,2,0,4,4,1,0,1,0
5795427,2026-08-30,Chelsea,Brighton & Hove Albion,419341,Valentin Barco,Sub,0,14,0,0,0,0,5.9,0.04,0.0,1,0,0,0,0,2,0,1,0,0,1,0,0,0
5795427,2026-08-30,Chelsea,Brighton & Hove Albion,410175,Moises Caicedo,Sub,0,28,0,0,0,0,6.1,0.0,0.0,0,0,2,2,0,2,0,0,0,0,0,0,0,0
5795427,2026-08-30,Chelsea,Brighton & Hove Albion,448468,Pep Chavarria,Sub,0,24,0,0,0,0,6.2,0.0,0.04,0,0,4,4,0,10,1,0,0,0,0,2,0,0
5795427,2026-08-30,Chelsea,Brighton & Hove Albion,361330,Reece James,Sub,0,28,0,0,0,0,6.0,0.0,0.0,0,0,6,4,0,8,0,0,0,0,0,0,0,0
5795427,2026-08-30,Chelsea,Brighton & Hove Albion,518604,Josh Acheampong,Sub,0,28,0,0,0,0,6.2,0.0,0.0,0,0,5,3,0,10,2,0,0,0,0,2,0,0
5795427,2026-08-30,Brighton & Hove Albion,Chelsea,400138,Bart Verbruggen,GK,1,95,0,0,0,0,4.4,0.0,0.0,0,0,49,40,0,56,0,0,0,0,0,0,0,1
5795427,2026-08-30,Brighton & Hove Albion,Chelsea,445059,Mats Wieffer,DR,1,79,0,0,0,0,6.5,0.04,0.11,1,0,49,44,0,72,0,2,1,0,0,2,0,0
5795427,2026-08-30,Brighton & Hove Albion,Chelsea,533010,Luka Vuskovic,DC,1,95,0,0,0,0,6.3,0.02,0.01,2,0,95,88,0,111,2,0,5,0,1,6,1,0
5795427,2026-08-30,Brighton & Hove Albion,Chelsea,86441,Lewis Dunk,DC,1,95,0,0,1,0,5.3,0.0,0.0,0,0,99,91,0,112,2,0,0,0,1,1,0,0
5795427,2026-08-30,Brighton & Hove Albion,Chelsea,321958,Ferdi Kadioglu,DL,1,95,0,0,0,0,5.5,0.03,0.0,1,0,61,57,1,70,0,0,0,0,0,0,0,0
5795427,2026-08-30,Brighton & Hove Albion,Chelsea,260809,Olivier Boscagli,DMC,1,95,0,0,1,0,6.5,0.05,0.05,1,1,82,67,1,92,1,1,1,0,4,1,0,0
5795427,2026-08-30,Brighton & Hove Albion,Chelsea,71824,Pascal Gro,DMC,1,95,1,0,0,0,7.3,0.03,0.11,1,1,63,55,2,78,2,0,0,0,2,1,0,0
5795427,2026-08-30,Brighton & Hove Albion,Chelsea,446133,Diego Gomez,AMR,1,95,0,0,0,0,6.7,0.42,0.17,5,1,29,24,1,50,2,1,4,1,2,0,4,0
5795427,2026-08-30,Brighton & Hove Albion,Chelsea,533015,Malick Yalcouye,AMC,1,73,1,0,0,0,8.0,0.67,0.13,2,2,30,25,1,47,4,0,0,4,0,2,0,0
5795427,2026-08-30,Brighton & Hove Albion,Chelsea,392647,Maxim De Cuyper,AML,1,95,0,0,0,0,6.4,0.03,0.02,1,0,46,39,1,70,0,1,0,0,0,1,1,0
5795427,2026-08-30,Brighton & Hove Albion,Chelsea,533923,Charalampos Kostoulas,FW,1,79,0,0,0,0,6.6,0.27,0.01,1,1,23,19,1,30,1,0,3,1,1,0,1,0
5795427,2026-08-30,Brighton & Hove Albion,Chelsea,532188,Promise David,Sub,0,16,0,0,0,0,6.1,0.0,0.0,0,0,5,5,0,5,0,0,0,0,0,0,0,0
5795427,2026-08-30,Brighton & Hove Albion,Chelsea,519755,Ibrahim Osman,Sub,0,22,0,0,0,0,6.2,0.0,0.0,0,0,9,7,0,16,1,0,0,1,0,0,0,0
5795427,2026-08-30,Brighton & Hove Albion,Chelsea,395954,Costinha,Sub,0,16,0,0,1,0,6.0,0.0,0.0,0,0,7,6,0,11,0,0,0,0,1,0,1,0
5795428,2026-08-29,Coventry City,Hull City,421944,Carl Rushworth,GK,1,95,0,0,0,0,6.3,0.0,0.0,0,0,42,31,0,54,0,0,0,0,0,1,0,1
5795428,2026-08-29,Coventry City,Hull City,379760,Milan van Ewijk,DR,1,95,0,0,0,0,6.4,0.0,0.28,0,0,50,46,2,69,1,0,0,0,0,1,1,0
5795428,2026-08-29,Coventry City,Hull City,450271,Aurele Amenda,DC,1,95,0,0,1,0,6.5,0.01,0.04,1,0,73,69,0,83,0,0,5,1,2,4,1,0
5795428,2026-08-29,Coventry City,Hull City,395615,Bobby Thomas,DC,1,77,0,0,0,0,7.0,0.0,0.0,0,0,62,49,0,78,0,0,1,1,1,9,0,0
5795428,2026-08-29,Coventry City,Hull City,318767,Jay Dasilva,DL,1,95,0,0,0,0,6.9,0.05,0.02,1,1,69,61,0,92,2,1,1,3,1,0,1,0
5795428,2026-08-29,Coventry City,Hull City,561984,Caleb Yirenkyi,DMC,1,70,0,0,0,0,6.8,0.03,0.08,1,0,38,37,1,52,0,0,3,0,1,3,1,0
5795428,2026-08-29,Coventry City,Hull City,138584,Matt Grimes,DMC,1,95,0,0,0,0,6.1,0.03,0.01,1,0,108,93,1,121,1,0,0,0,0,1,0,0
5795428,2026-08-29,Coventry City,Hull City,425118,Loum Tchaouna,AMR,1,58,0,0,0,0,6.5,0.04,0.13,1,0,22,17,1,32,1,0,1,0,0,2,0,0
5795428,2026-08-29,Coventry City,Hull City,381107,Jack Rudoni,AMC,1,70,0,0,0,0,6.3,0.06,0.05,1,0,35,28,2,46,2,1,0,0,1,0,1,0
5795428,2026-08-29,Coventry City,Hull City,342899,Ephron Mason-Clark,AML,1,57,0,0,0,0,6.2,0.0,0.04,0,0,11,8,1,29,0,0,0,0,2,2,1,0
5795428,2026-08-29,Coventry City,Hull City,281049,Taiwo Awoniyi,FW,1,95,0,0,0,0,6.4,0.64,0.03,4,2,14,12,2,25,0,0,2,1,1,1,1,0
5795428,2026-08-29,Coventry City,Hull City,409424,Victor Torp,Sub,0,25,0,0,0,0,5.8,0.0,0.0,0,0,13,11,0,19,1,0,0,0,1,0,0,0
5795428,2026-08-29,Coventry City,Hull City,342499,Ethan Pinnock,Sub,0,18,0,0,0,0,6.2,0.0,0.0,0,0,12,11,0,15,0,0,2,0,0,2,0,0
5795428,2026-08-29,Coventry City,Hull City,431539,Tatsuhiro Sakamoto,Sub,0,37,0,0,0,0,6.2,0.03,0.0,1,0,12,11,0,27,2,0,1,0,0,0,0,0
5795428,2026-08-29,Coventry City,Hull City,332143,Gustavo Hamer,Sub,0,25,0,0,0,0,5.8,0.0,0.01,0,0,13,11,0,15,0,0,0,0,1,0,1,0
5795428,2026-08-29,Coventry City,Hull City,331235,Brandon Thomas-Asante,Sub,0,38,0,0,0,0,6.0,0.0,0.0,0,0,10,6,0,18,1,0,1,1,0,0,0,0
5795428,2026-08-29,Hull City,Coventry City,397331,Konstantinos Tzolakis,GK,1,95,0,0,0,0,7.6,0.0,0.0,0,0,29,11,0,40,0,0,1,0,0,0,0,3
5795428,2026-08-29,Hull City,Coventry City,301415,Lewie Coyle,DR,1,45,0,0,1,0,6.6,0.0,0.0,0,0,11,7,0,25,0,1,1,0,1,3,0,0
5795428,2026-08-29,Hull City,Coventry City,108632,John Egan,DC,1,95,0,0,0,0,7.6,0.0,0.0,0,0,28,20,0,46,1,2,5,0,0,10,1,0
5795428,2026-08-29,Hull City,Coventry City,247815,Semi Ajayi,DC,1,95,0,0,0,0,7.1,0.0,0.0,0,0,25,20,0,37,2,0,1,1,0,5,0,0
5795428,2026-08-29,Hull City,Coventry City,469508,Nobel Mendy,DC,1,58,0,0,0,0,7.0,0.01,0.0,1,1,27,21,0,38,2,0,0,0,0,5,0,0
5795428,2026-08-29,Hull City,Coventry City,362831,Ryan Giles,DL,1,95,0,0,0,0,6.5,0.0,0.06,0,0,21,18,1,42,1,0,0,0,0,1,0,0
5795428,2026-08-29,Hull City,Coventry City,457802,Mohamed Belloumi,MR,1,82,0,1,0,0,7.2,0.04,0.01,1,0,13,9,1,33,4,2,0,0,1,1,1,0
5795428,2026-08-29,Hull City,Coventry City,409279,Hidemasa Morita,MC,1,45,0,0,0,0,6.7,0.0,0.0,0,0,15,12,1,21,1,0,1,2,0,1,0,0
5795428,2026-08-29,Hull City,Coventry City,349981,Regan Slater,MC,1,95,0,0,1,0,6.5,0.0,0.0,0,0,29,20,0,43,5,0,1,0,1,2,1,0
5795428,2026-08-29,Hull City,Coventry City,614510,Elliot Stroud,ML,1,58,0,0,1,0,6.0,0.02,0.0,1,0,9,6,0,17,0,1,0,0,2,1,0,0
5795428,2026-08-29,Hull City,Coventry City,138695,Oliver McBurnie,FW,1,95,0,0,1,0,6.5,0.0,0.0,0,0,23,10,1,35,1,0,5,1,2,0,0,0
5795428,2026-08-29,Hull City,Coventry City,391821,Liam Millar,Sub,0,37,1,0,0,0,7.0,0.48,0.0,3,1,7,4,0,12,1,0,0,0,0,0,0,0
5795428,2026-08-29,Hull City,Coventry City,393137,Lucas Gourna-Douath,Sub,0,50,0,0,0,0,6.6,0.0,0.0,0,0,15,10,0,26,4,0,1,0,0,0,1,0
5795428,2026-08-29,Hull City,Coventry City,399014,Mohamed-Ali Cho,Sub,0,13,0,0,0,0,6.0,0.0,0.0,0,0,3,2,0,4,0,0,0,0,0,0,0,0
5795428,2026-08-29,Hull City,Coventry City,414473,Cody Drameh,Sub,0,50,0,0,0,0,6.4,0.0,0.0,0,0,6,4,0,17,0,1,1,0,1,2,0,0
5795428,2026-08-29,Hull City,Coventry City,606532,Lucas Herrington,Sub,0,37,0,0,0,0,6.2,0.0,0.0,0,0,10,8,0,11,0,0,0,0,0,1,0,0
5795429,2026-08-28,Crystal Palace,Manchester City,304008,Dean Henderson,GK,1,95,0,0,0,0,6.3,0.0,0.0,0,0,15,11,0,28,0,0,0,0,0,2,0,4
5795429,2026-08-28,Crystal Palace,Manchester City,377283,Takehiro Tomiyasu,DC,1,73,0,0,0,0,6.1,0.0,0.0,0,0,25,21,0,39,1,3,0,0,0,4,0,0
5795429,2026-08-28,Crystal Palace,Manchester City,395401,Chris Richards,DC,1,95,0,0,0,0,6.1,0.02,0.0,1,1,28,22,0,38,2,2,0,1,0,2,0,0
5795429,2026-08-28,Crystal Palace,Manchester City,531676,Jaydee Canvot,DC,1,95,0,0,0,0,5.9,0.0,0.0,0,0,51,45,0,64,3,0,2,0,0,4,0,0
5795429,2026-08-28,Crystal Palace,Manchester City,444136,Anan Khalaili,DMR,1,74,0,0,1,0,7.6,0.02,0.0,1,0,26,23,0,60,13,2,1,3,1,2,0,0
5795429,2026-08-28,Crystal Palace,Manchester City,389579,Tyrick Mitchell,DML,1,95,0,0,0,0,6.2,0.22,0.11,2,0,24,20,2,44,4,1,0,1,0,2,1,0
5795429,2026-08-28,Crystal Palace,Manchester City,344166,Daichi Kamada,MC,1,95,0,0,0,0,6.7,0.04,0.0,1,0,36,31,0,51,10,0,1,2,0,1,0,0
5795429,2026-08-28,Crystal Palace,Manchester City,430774,Adam Wharton,MC,1,95,0,0,0,0,6.6,0.0,0.05,0,0,26,20,2,36,4,0,1,0,0,0,1,0
5795429,2026-08-28,Crystal Palace,Manchester City,403865,Yeremy Pino,AMC,1,67,0,0,0,0,6.9,0.05,0.03,1,0,24,16,2,45,2,1,0,0,2,1,0,0
5795429,2026-08-28,Crystal Palace,Manchester City,345845,Eddie Nketiah,AMC,1,67,0,0,0,0,6.1,0.36,0.0,2,0,8,7,1,22,4,1,0,1,1,0,2,0
5795429,2026-08-28,Crystal Palace,Manchester City,333048,Jrgen Strand Larsen,FW,1,62,0,0,0,0,6.5,0.2,0.0,1,0,9,6,0,18,1,0,1,0,1,1,2,0
5795429,2026-08-28,Crystal Palace,Manchester City,382587,Evann Guessand,Sub,0,33,0,0,0,0,5.8,0.0,0.01,0,0,2,2,0,6,1,0,0,0,0,1,0,0
5795429,2026-08-28,Crystal Palace,Manchester City,300426,Axel Disasi,Sub,0,22,0,0,0,0,6.2,0.0,0.0,0,0,7,5,0,8,1,0,0,0,1,0,0,0
5795429,2026-08-28,Crystal Palace,Manchester City,397469,Oscar Mingueza,Sub,0,21,0,0,0,0,6.0,0.0,0.0,0,0,2,1,0,7,2,0,0,0,0,0,0,0
5795429,2026-08-28,Crystal Palace,Manchester City,505602,Zavier Gozo,Sub,0,28,0,0,0,0,5.9,0.0,0.0,0,0,4,3,0,9,2,0,0,0,1,0,1,0
5795429,2026-08-28,Crystal Palace,Manchester City,357427,Dwight McNeil,Sub,0,28,0,0,0,0,5.9,0.0,0.0,0,0,4,3,0,6,1,1,0,0,1,0,1,0
5795429,2026-08-28,Manchester City,Crystal Palace,262515,Gianluigi Donnarumma,GK,1,95,0,0,0,0,5.9,0.0,0.0,0,0,35,28,0,43,0,0,0,0,0,0,0,1
5795429,2026-08-28,Manchester City,Crystal Palace,493206,Abdukodir Khusanov,DR,1,88,0,0,0,0,7.3,0.0,0.01,0,0,81,76,0,106,4,2,1,1,0,0,0,0
5795429,2026-08-28,Manchester City,Crystal Palace,313171,Ruben Dias,DC,1,95,0,0,0,0,7.3,0.06,0.37,1,1,108,107,2,118,1,1,1,1,0,4,0,0
5795429,2026-08-28,Manchester City,Crystal Palace,374631,Marc Guehi,DC,1,95,0,0,0,0,7.2,0.0,0.02,0,0,113,111,1,124,0,2,3,1,1,3,0,0
5795429,2026-08-28,Manchester City,Crystal Palace,402664,Josko Gvardiol,DL,1,74,0,0,0,0,7.0,0.0,0.01,0,0,52,42,2,64,2,0,2,2,2,1,0,0
5795429,2026-08-28,Manchester City,Crystal Palace,402596,Elliot Anderson,DMC,1,81,0,0,1,0,7.8,0.07,0.2,2,1,100,92,1,122,6,3,1,1,1,1,2,0
5795429,2026-08-28,Manchester City,Crystal Palace,468847,Nico O'Reilly,DMC,1,88,0,0,0,0,6.8,0.02,0.0,1,0,57,52,0,70,3,0,1,3,1,0,2,0
5795429,2026-08-28,Manchester City,Crystal Palace,331254,Phil Foden,AMR,1,95,0,2,0,0,8.2,0.87,0.45,3,0,48,44,3,71,2,0,0,2,1,2,1,0
5795429,2026-08-28,Manchester City,Crystal Palace,386153,Rayan Cherki,AMC,1,81,2,0,1,0,8.9,0.63,0.39,3,3,67,62,3,84,0,0,0,3,4,0,3,0
5795429,2026-08-28,Manchester City,Crystal Palace,357073,Antoine Semenyo,AML,1,95,0,1,0,0,7.6,0.06,0.41,2,1,44,41,3,69,3,0,0,2,1,0,3,0
5795429,2026-08-28,Manchester City,Crystal Palace,315227,Erling Haaland,FW,1,95,2,0,0,0,8.6,0.73,0.0,5,3,4,2,0,19,1,0,2,0,0,3,3,0
5795429,2026-08-28,Manchester City,Crystal Palace,478314,Vitor Reis,Sub,0,7,0,0,0,0,6.0,0.0,0.0,0,0,13,13,0,15,0,0,0,0,0,0,0,0
5795429,2026-08-28,Manchester City,Crystal Palace,93894,Mateo Kovacic,Sub,0,21,0,0,0,0,6.2,0.0,0.01,0,0,30,28,0,34,0,0,1,0,0,0,0,0
5795429,2026-08-28,Manchester City,Crystal Palace,504830,Ayyoub Bouaddi,Sub,0,14,0,0,0,0,6.4,0.0,0.11,0,0,21,21,0,23,0,1,0,0,0,0,0,0
5795429,2026-08-28,Manchester City,Crystal Palace,540462,Kaden Braithwaite,Sub,0,7,0,0,0,0,6.0,0.0,0.0,0,0,10,10,0,10,0,0,0,0,0,0,0,0
5795429,2026-08-28,Manchester City,Crystal Palace,584927,Ryan McAidoo,Sub,0,14,0,0,0,0,6.2,0.07,0.0,1,0,5,2,0,7,0,0,0,1,0,0,0,0
5795430,2026-08-30,Leeds United,Brentford,404852,James Trafford,GK,1,93,0,0,0,0,7.2,0.0,0.0,0,0,44,32,0,55,0,0,0,0,0,0,0,4
5795430,2026-08-30,Leeds United,Brentford,439533,Tarik Muharemovic,DC,1,93,0,0,0,0,7.9,0.0,0.0,0,0,51,43,0,79,3,2,2,3,0,11,1,0
5795430,2026-08-30,Leeds United,Brentford,360941,Jaka Bijol,DC,1,45,0,0,0,0,6.2,0.0,0.0,0,0,20,13,0,26,0,1,1,0,0,4,0,0
5795430,2026-08-30,Leeds United,Brentford,302312,Joe Rodon,DC,1,33,0,0,0,0,6.5,0.0,0.0,0,0,9,7,0,18,1,0,0,0,1,3,0,0
5795430,2026-08-30,Leeds United,Brentford,354291,Jayden Bogle,DMR,1,67,0,0,0,0,6.9,0.0,0.0,0,0,27,18,1,47,3,0,4,1,1,4,0,0
5795430,2026-08-30,Leeds United,Brentford,301441,James Justin,DML,1,93,0,0,0,0,6.9,0.03,0.0,1,1,27,20,1,51,3,1,2,0,0,4,2,0
5795430,2026-08-30,Leeds United,Brentford,401073,Anton Stach,MC,1,93,0,0,0,0,7.0,0.05,0.0,1,0,32,19,1,65,5,2,2,0,0,6,0,0
5795430,2026-08-30,Leeds United,Brentford,322418,Ethan Ampadu,MC,1,93,0,0,0,0,6.8,0.02,0.12,1,0,36,30,1,58,3,2,1,0,1,2,0,0
5795430,2026-08-30,Leeds United,Brentford,376090,Noah Okafor,AMC,1,68,0,0,0,0,6.3,0.06,0.01,2,0,16,11,0,30,1,0,1,1,0,1,0,0
5795430,2026-08-30,Leeds United,Brentford,371012,Brenden Aaronson,AMC,1,45,0,0,0,0,6.0,0.0,0.0,0,0,5,4,0,13,3,0,0,0,0,1,0,0
5795430,2026-08-30,Leeds United,Brentford,141469,Dominic Calvert-Lewin,FW,1,93,1,0,0,0,7.5,0.75,0.03,1,1,14,8,0,24,1,0,7,0,2,3,0,0
5795430,2026-08-30,Leeds United,Brentford,347340,Lukas Nmecha,Sub,0,25,0,0,0,0,6.6,0.04,0.0,1,0,3,2,2,10,0,0,0,1,0,0,0,0
5795430,2026-08-30,Leeds United,Brentford,423347,Ao Tanaka,Sub,0,48,0,0,0,0,6.9,0.0,0.01,0,0,26,22,0,37,4,0,1,1,0,4,0,0
5795430,2026-08-30,Leeds United,Brentford,243534,Nico Elvedi,Sub,0,60,0,0,0,0,6.5,0.0,0.0,0,0,38,34,0,52,1,1,0,0,0,3,2,0
5795430,2026-08-30,Leeds United,Brentford,333044,Harry Wilson,Sub,0,48,0,0,0,0,6.6,0.02,0.01,1,0,15,14,1,26,1,2,0,1,0,0,1,0
5795430,2026-08-30,Leeds United,Brentford,302313,Daniel James,Sub,0,26,0,0,0,0,6.2,0.18,0.0,4,0,6,5,0,16,0,0,0,1,0,0,0,0
5795430,2026-08-30,Brentford,Leeds United,322176,Caoimhin Kelleher,GK,1,93,0,0,0,0,6.3,0.0,0.0,0,0,34,25,0,41,0,0,0,0,0,2,0,1
5795430,2026-08-30,Brentford,Leeds United,470031,Michael Kayode,DR,1,87,0,0,0,0,6.7,0.04,0.18,1,0,24,20,1,54,1,0,0,2,2,2,1,0
5795430,2026-08-30,Brentford,Leeds United,372724,Nathan Collins,DC,1,93,0,0,1,0,7.6,0.1,0.0,3,1,55,44,0,75,3,2,4,0,2,9,0,0
5795430,2026-08-30,Brentford,Leeds United,321085,Kristoffer Ajer,DC,1,93,0,0,1,0,7.1,0.0,0.0,0,0,32,25,2,50,1,0,4,0,1,15,0,0
5795430,2026-08-30,Brentford,Leeds United,368512,Keane Lewis-Potter,DL,1,87,0,1,0,0,7.1,0.02,0.07,1,0,49,41,2,67,2,0,0,0,1,2,0,0
5795430,2026-08-30,Brentford,Leeds United,298689,Vitaly Janelt,DMC,1,93,0,0,1,0,7.2,0.0,0.1,0,0,47,41,2,69,3,4,2,0,1,1,2,0
5795430,2026-08-30,Brentford,Leeds United,442971,Mamadou Sangare,DMC,1,93,0,0,0,0,7.2,0.19,0.0,3,0,56,42,2,81,4,3,1,1,2,1,3,0
5795430,2026-08-30,Brentford,Leeds United,400610,Jaidon Anthony,AMR,1,60,0,0,1,0,6.4,0.11,0.04,2,0,18,13,2,30,0,0,2,0,2,0,0,0
5795430,2026-08-30,Brentford,Leeds United,401168,Mikkel Damsgaard,AMC,1,68,0,0,0,0,6.9,0.05,0.14,2,1,40,36,2,60,5,1,0,1,0,1,1,0
5795430,2026-08-30,Brentford,Leeds United,407260,Kevin Schade,AML,1,87,1,0,0,0,7.4,0.18,0.01,3,1,20,9,1,47,4,0,0,1,1,2,2,0
5795430,2026-08-30,Brentford,Leeds United,443784,Igor Thiago,FW,1,93,0,0,0,0,6.4,0.59,0.0,5,2,24,17,0,43,2,0,2,1,1,0,3,0
5795430,2026-08-30,Brentford,Leeds United,422183,Dango Ouattara,Sub,0,33,0,0,0,0,7.2,0.02,0.11,1,0,7,5,1,22,2,0,3,4,0,3,0,0
5795430,2026-08-30,Brentford,Leeds United,134115,Callum Wilson,Sub,0,6,0,0,0,0,6.0,0.04,0.0,1,0,2,1,0,4,0,0,0,0,0,0,1,0
5795430,2026-08-30,Brentford,Leeds United,229562,Rico Henry,Sub,0,6,0,0,0,0,6.0,0.0,0.0,0,0,1,0,0,2,0,0,0,0,0,0,0,0
5795430,2026-08-30,Brentford,Leeds United,402367,Aaron Hickey,Sub,0,6,0,0,0,0,6.2,0.0,0.01,0,0,4,3,0,11,1,0,0,0,0,0,0,0
5795430,2026-08-30,Brentford,Leeds United,444304,Yehor Yarmoliuk,Sub,0,25,0,0,0,0,5.9,0.0,0.0,0,0,12,11,1,16,0,0,0,0,0,0,1,0
5795431,2026-08-29,Liverpool,Nottingham Forest,114147,Alisson Becker,GK,1,95,0,0,1,0,5.6,0.0,0.0,0,0,28,28,0,34,0,0,0,0,1,2,0,1
5795431,2026-08-29,Liverpool,Nottingham Forest,392644,Jeremie Frimpong,DR,1,70,0,0,0,0,6.2,0.0,0.03,0,0,41,38,1,64,3,0,0,0,0,4,0,0
5795431,2026-08-29,Liverpool,Nottingham Forest,468827,Jeremy Jacquet,DC,1,76,0,0,0,0,7.3,0.0,0.02,0,0,94,85,1,110,3,3,3,1,0,4,0,0
5795431,2026-08-29,Liverpool,Nottingham Forest,95408,Virgil van Dijk,DC,1,95,0,0,0,0,6.8,0.0,0.0,0,0,114,102,0,124,0,1,5,0,0,6,0,0
5795431,2026-08-29,Liverpool,Nottingham Forest,424273,Milos Kerkez,DL,1,70,0,0,0,0,6.5,0.0,0.0,0,0,38,32,1,55,2,1,1,0,0,4,0,0
5795431,2026-08-29,Liverpool,Nottingham Forest,345319,Alexis Mac Allister,DMC,1,76,0,0,0,0,6.4,0.0,0.36,0,0,59,52,0,72,4,0,1,1,3,2,0,0
5795431,2026-08-29,Liverpool,Nottingham Forest,369875,Dominik Szoboszlai,DMC,1,95,0,0,0,0,7.1,0.1,0.11,3,0,80,73,2,117,4,1,0,1,1,1,0,0
5795431,2026-08-29,Liverpool,Nottingham Forest,352825,Cody Gakpo,AMR,1,70,0,1,0,0,6.8,0.0,0.66,0,0,23,20,2,40,1,1,0,1,0,0,2,0
5795431,2026-08-29,Liverpool,Nottingham Forest,394786,Florian Wirtz,AMC,1,95,0,1,1,0,7.1,0.12,0.16,2,1,53,42,1,72,4,0,1,1,1,0,2,0
5795431,2026-08-29,Liverpool,Nottingham Forest,548106,Victor Munoz,AML,1,95,1,0,1,0,7.6,0.22,0.16,4,1,20,15,1,57,3,3,0,1,4,0,1,0
5795431,2026-08-29,Liverpool,Nottingham Forest,299254,Alexander Isak,FW,1,95,1,0,0,0,7.1,0.63,0.0,3,1,4,2,1,14,1,0,1,0,1,0,1,0
5795431,2026-08-29,Liverpool,Nottingham Forest,301455,Kostas Tsimikas,Sub,0,25,0,0,0,0,6.2,0.04,0.0,1,1,13,13,0,20,0,0,0,0,1,0,0,0
5795431,2026-08-29,Liverpool,Nottingham Forest,363884,Ryan Gravenberch,Sub,0,25,0,0,0,0,6.2,0.0,0.0,0,0,10,10,1,18,1,0,0,0,0,0,2,0
5795431,2026-08-29,Liverpool,Nottingham Forest,384711,Ronald Araujo,Sub,0,19,0,0,1,0,6.1,0.0,0.0,0,0,25,24,0,27,1,0,0,0,1,0,0,0
5795431,2026-08-29,Liverpool,Nottingham Forest,548566,Rio Ngumoha,Sub,0,25,0,0,0,0,6.3,0.0,0.03,0,0,9,8,0,18,0,0,0,2,0,0,1,0
5795431,2026-08-29,Liverpool,Nottingham Forest,509423,Trey Nyoni,Sub,0,19,0,0,0,0,6.3,0.0,0.0,0,0,20,18,0,23,3,1,0,0,0,0,0,0
5795431,2026-08-29,Nottingham Forest,Liverpool,78386,Matz Sels,GK,1,95,0,0,0,0,6.3,0.0,0.01,0,0,37,13,0,44,0,0,2,0,0,3,0,2
5795431,2026-08-29,Nottingham Forest,Liverpool,445424,Murillo,DC,1,95,0,0,0,0,6.5,0.06,0.0,1,0,19,16,0,32,0,1,2,0,0,5,0,0
5795431,2026-08-29,Nottingham Forest,Liverpool,443545,Jair Cunha,DC,1,95,0,0,0,0,6.4,0.0,0.0,0,0,17,12,0,33,3,0,1,0,0,6,0,0
5795431,2026-08-29,Nottingham Forest,Liverpool,319785,Nikola Milenkovic,DC,1,95,0,0,0,0,6.8,0.0,0.0,0,0,14,10,0,28,3,3,1,0,1,7,0,0
5795431,2026-08-29,Nottingham Forest,Liverpool,315543,Ola Aina,DMR,1,85,0,0,1,0,6.6,0.0,0.36,0,0,32,20,1,62,2,1,0,1,2,2,1,0
5795431,2026-08-29,Nottingham Forest,Liverpool,386969,Neco Williams,DML,1,95,0,0,0,0,7.8,0.2,0.13,1,0,27,21,2,57,8,0,1,0,0,3,0,0
5795431,2026-08-29,Nottingham Forest,Liverpool,262856,Xaver Schlager,MC,1,95,0,0,0,0,6.9,0.05,0.0,2,0,27,21,0,46,7,0,1,1,0,2,0,0
5795431,2026-08-29,Nottingham Forest,Liverpool,425576,James McAtee,MC,1,91,0,0,0,0,6.5,0.0,0.09,0,0,39,24,1,54,2,0,2,1,0,2,1,0
5795431,2026-08-29,Nottingham Forest,Liverpool,398414,Dan Ndoye,AMC,1,65,1,0,0,0,7.3,0.5,0.54,3,1,17,13,2,35,0,1,0,2,1,0,2,0
5795431,2026-08-29,Nottingham Forest,Liverpool,332867,Morgan Gibbs-White,AMC,1,95,1,1,0,0,7.5,0.79,0.04,1,1,21,17,1,43,2,0,1,1,1,1,1,0
5795431,2026-08-29,Nottingham Forest,Liverpool,397497,Igor Jesus,FW,1,91,0,0,1,0,7.1,0.99,0.02,3,1,29,21,1,52,2,0,6,1,4,3,1,0
5795431,2026-08-29,Nottingham Forest,Liverpool,334653,Nicolas Dominguez,Sub,0,4,0,0,0,0,6.0,0.0,0.0,0,0,2,1,0,3,0,0,0,0,0,0,1,0
5795431,2026-08-29,Nottingham Forest,Liverpool,394888,Luca Netz,Sub,0,10,0,0,0,0,6.1,0.0,0.0,0,0,1,0,0,4,2,0,0,0,0,0,0,0
5795431,2026-08-29,Nottingham Forest,Liverpool,350088,Callum Hudson-Odoi,Sub,0,4,0,0,0,0,5.9,0.0,0.0,0,0,2,2,0,5,0,0,0,0,1,0,1,0
5795431,2026-08-29,Nottingham Forest,Liverpool,401254,Liam Delap,Sub,0,30,0,0,0,0,6.4,0.06,0.0,1,0,4,2,1,12,0,0,0,2,0,0,2,0
5795432,2026-08-30,Manchester United,Ipswich Town,402184,Senne Lammens,GK,1,98,0,0,0,0,6.7,0.0,0.0,0,0,20,18,0,28,0,0,1,0,0,1,0,3
5795432,2026-08-30,Manchester United,Ipswich Town,353418,Diogo Dalot,DR,1,73,0,0,0,0,7.2,0.17,0.12,4,1,29,26,3,53,0,2,0,1,0,2,0,0
5795432,2026-08-30,Manchester United,Ipswich Town,340105,Lisandro Martinez,DC,1,98,0,0,0,0,5.5,0.03,0.04,1,0,92,83,0,96,0,0,3,0,0,0,1,0
5795432,2026-08-30,Manchester United,Ipswich Town,99487,Harry Maguire,DC,1,98,0,0,0,0,6.7,0.03,0.0,1,0,43,39,0,53,1,3,4,0,2,1,0,0
5795432,2026-08-30,Manchester United,Ipswich Town,118244,Luke Shaw,DL,1,72,0,0,0,0,7.2,0.0,0.01,0,0,47,42,0,63,5,2,2,0,0,2,0,0
5795432,2026-08-30,Manchester United,Ipswich Town,136345,Youri Tielemans,DMC,1,98,0,0,0,0,7.8,0.55,0.09,3,2,72,66,4,93,3,2,1,1,0,2,0,0
5795432,2026-08-30,Manchester United,Ipswich Town,460260,Kobbie Mainoo,DMC,1,79,0,0,0,0,7.6,0.19,0.26,3,0,51,46,0,68,5,2,0,4,0,0,0,0
5795432,2026-08-30,Manchester United,Ipswich Town,353377,Bryan Mbeumo,AMR,1,98,1,0,1,0,8.3,1.53,0.15,5,1,25,23,3,44,3,0,1,0,1,0,0,0
5795432,2026-08-30,Manchester United,Ipswich Town,123761,Bruno Fernandes,AMC,1,98,3,1,0,0,10.0,1.76,0.42,8,3,65,56,3,94,3,0,0,1,1,0,1,0
5795432,2026-08-30,Manchester United,Ipswich Town,300299,Marcus Rashford,AML,1,79,0,0,0,0,7.4,0.28,0.07,4,2,31,24,3,52,5,0,0,2,0,0,0,0
5795432,2026-08-30,Manchester United,Ipswich Town,362758,Matheus Cunha,FW,1,79,0,1,0,0,7.9,0.08,0.15,2,1,21,19,2,32,0,0,0,0,1,0,1,0
5795432,2026-08-30,Manchester United,Ipswich Town,451236,Andrey Santos,Sub,0,19,0,0,0,0,6.2,0.0,0.0,0,0,15,14,0,19,4,0,0,0,1,0,0,0
5795432,2026-08-30,Manchester United,Ipswich Town,495260,Patrick Dorgu,Sub,0,19,0,0,0,0,6.4,0.21,0.0,2,1,6,5,1,13,1,0,1,0,0,1,0,0
5795432,2026-08-30,Manchester United,Ipswich Town,437299,Leny Yoro,Sub,0,25,0,0,0,0,6.2,0.0,0.0,0,0,18,17,0,21,0,2,0,0,1,0,0,0
5795432,2026-08-30,Manchester United,Ipswich Town,349932,Noussair Mazraoui,Sub,0,26,0,0,0,0,5.9,0.0,0.0,0,0,19,19,0,23,0,0,0,0,0,0,0,0
5795432,2026-08-30,Manchester United,Ipswich Town,424191,Benjamin Sesko,Sub,0,19,0,0,0,0,6.0,0.0,0.01,0,0,7,5,1,9,0,0,0,0,0,0,0,0
5795432,2026-08-30,Ipswich Town,Manchester United,361867,Kjell Scherpen,GK,1,98,0,0,0,0,6.9,0.0,0.01,0,0,38,24,0,60,0,1,1,0,0,3,0,6
5795432,2026-08-30,Ipswich Town,Manchester United,362826,Dara O'Shea,DR,1,98,0,0,0,0,5.3,0.02,0.0,1,0,32,28,0,50,0,0,1,0,3,1,0,0
5795432,2026-08-30,Ipswich Town,Manchester United,300359,Issa Diop,DC,1,98,0,0,0,0,7.1,0.0,0.0,0,0,42,42,0,56,0,2,1,2,1,5,0,0
5795432,2026-08-30,Ipswich Town,Manchester United,381161,Jacob Greaves,DC,1,98,0,0,1,0,5.0,0.0,0.0,0,0,47,44,0,63,1,0,1,0,1,5,0,0
5795432,2026-08-30,Ipswich Town,Manchester United,366211,Leif Davis,DL,1,98,1,0,0,0,6.5,0.5,0.09,2,2,23,18,1,42,0,1,0,0,0,2,2,0
5795432,2026-08-30,Ipswich Town,Manchester United,417745,Marcelino Nunez,DMC,1,61,0,0,0,0,5.1,0.0,0.02,0,0,29,22,1,37,4,0,0,0,0,2,0,0
5795432,2026-08-30,Ipswich Town,Manchester United,297395,Sasa Lukic,DMC,1,72,0,0,1,0,6.3,0.05,0.0,1,0,40,34,1,53,4,1,1,0,3,5,0,0
5795432,2026-08-30,Ipswich Town,Manchester United,430985,Abdul Fatawu,AMR,1,82,0,1,1,0,6.9,0.0,0.27,0,0,15,10,3,38,1,0,0,3,1,1,2,0
5795432,2026-08-30,Ipswich Town,Manchester United,417747,Julio Enciso,AMC,1,98,0,1,0,0,6.9,0.49,0.29,3,1,25,21,1,48,1,0,0,3,0,0,3,0
5795432,2026-08-30,Ipswich Town,Manchester United,377287,Daizen Maeda,AML,1,72,0,0,0,0,6.2,0.04,0.0,1,1,11,9,0,22,3,0,1,0,1,3,0,0
5795432,2026-08-30,Ipswich Town,Manchester United,429556,Emersonn,FW,1,45,0,0,0,0,6.2,0.0,0.0,0,0,2,1,1,10,1,0,0,0,1,1,1,0
5795432,2026-08-30,Ipswich Town,Manchester United,299684,Exequiel Palacios,Sub,0,37,0,0,0,0,6.5,0.0,0.0,0,0,31,25,1,36,1,2,1,0,1,0,0,0
5795432,2026-08-30,Ipswich Town,Manchester United,433937,Abdoul Ouattara,Sub,0,26,0,0,0,0,6.0,0.0,0.0,0,0,12,11,0,14,0,0,0,0,0,0,0,0
5795432,2026-08-30,Ipswich Town,Manchester United,262401,Darnell Furlong,Sub,0,26,0,0,0,0,6.4,0.0,0.0,0,0,13,9,0,19,2,1,2,0,0,1,0,0
5795432,2026-08-30,Ipswich Town,Manchester United,122294,Chuba Akpom,Sub,0,53,1,0,0,0,6.4,0.43,0.0,1,1,6,4,0,12,1,0,0,0,0,0,0,0
5795432,2026-08-30,Ipswich Town,Manchester United,429531,Kasey McAteer,Sub,0,16,0,0,0,0,6.1,0.0,0.0,0,0,3,3,0,6,0,0,0,0,0,0,0,0
5795433,2026-08-30,Sunderland,Fulham,422814,Robin Roefs,GK,1,94,0,0,0,0,6.8,0.0,0.0,0,0,33,25,0,42,0,0,0,0,0,2,0,0
5795433,2026-08-30,Sunderland,Fulham,104376,Thomas Meunier,DR,1,94,0,0,0,0,7.1,0.02,0.05,1,1,42,33,1,63,0,1,0,0,0,7,0,0
5795433,2026-08-30,Sunderland,Fulham,299077,Nordi Mukiele,DC,1,94,0,0,0,0,7.9,0.0,0.0,0,0,49,37,0,74,2,1,2,1,0,14,0,0
5795433,2026-08-30,Sunderland,Fulham,371761,Dan Ballard,DC,1,94,0,0,0,0,7.3,0.03,0.0,1,0,44,41,0,63,2,1,5,0,1,7,0,0
5795433,2026-08-30,Sunderland,Fulham,361812,Reinildo Mandava,DL,1,94,0,0,0,0,7.3,0.0,0.0,0,0,38,32,0,61,3,1,3,1,3,4,1,0
5795433,2026-08-30,Sunderland,Fulham,437449,Noah Sadiki,DMC,1,94,0,0,0,0,7.0,0.04,0.01,1,0,41,37,0,61,4,2,1,0,0,3,1,0
5795433,2026-08-30,Sunderland,Fulham,89401,Granit Xhaka,DMC,1,94,0,0,0,0,7.7,0.0,0.18,0,0,58,54,4,71,0,0,2,0,0,0,0,0
5795433,2026-08-30,Sunderland,Fulham,424514,Trai Hume,AMR,1,94,0,0,0,0,7.1,0.0,0.0,0,0,24,17,1,39,5,0,4,0,1,1,1,0
5795433,2026-08-30,Sunderland,Fulham,398393,Enzo Le Fee,AMC,1,89,0,0,0,0,6.9,0.33,0.19,4,1,23,20,1,44,5,1,0,2,1,0,0,0
5795433,2026-08-30,Sunderland,Fulham,443064,Nilson Angulo,AML,1,64,0,0,0,0,6.7,0.0,0.02,0,0,21,17,1,38,2,0,0,3,2,0,0,0
5795433,2026-08-30,Sunderland,Fulham,404568,Brian Brobbey,FW,1,63,0,0,0,0,6.4,0.04,0.0,1,0,9,7,0,14,0,0,4,0,1,1,0,0
5795433,2026-08-30,Sunderland,Fulham,363535,Wilson Isidor,Sub,0,31,1,0,0,0,7.1,0.87,0.0,3,1,1,1,0,6,0,0,0,0,0,0,0,0
5795433,2026-08-30,Sunderland,Fulham,422818,Habib Diarra,Sub,0,30,0,1,0,0,6.8,0.0,0.19,0,0,3,3,1,5,0,0,1,0,1,0,0,0
5795433,2026-08-30,Sunderland,Fulham,450254,Romaine Mundle,Sub,0,5,0,0,0,0,6.1,0.2,0.0,1,1,3,2,0,7,0,0,0,0,0,0,0,0
5795433,2026-08-30,Sunderland,Fulham,469645,Chris Rigg,Sub,0,12,0,0,0,0,6.0,0.0,0.0,0,0,1,0,0,1,1,0,0,0,0,0,0,0
5795433,2026-08-30,Fulham,Sunderland,92173,Bernd Leno,GK,1,94,0,0,0,0,5.5,0.0,0.0,0,0,47,30,0,59,0,0,1,0,0,2,0,3
5795433,2026-08-30,Fulham,Sunderland,141169,Timothy Castagne,DR,1,67,0,0,0,0,6.4,0.0,0.0,0,0,17,14,0,30,1,1,0,0,3,0,0,0
5795433,2026-08-30,Fulham,Sunderland,231135,Joachim Andersen,DC,1,94,0,0,1,0,6.7,0.0,0.03,0,0,88,77,1,100,0,1,5,0,3,7,0,0
5795433,2026-08-30,Fulham,Sunderland,396976,Calvin Bassey,DC,1,94,0,0,0,0,6.7,0.0,0.0,0,0,78,70,0,93,1,2,1,1,0,4,0,0
5795433,2026-08-30,Fulham,Sunderland,306581,Antonee Robinson,DL,1,94,0,0,0,0,6.2,0.0,0.01,0,0,49,38,0,74,4,0,0,1,0,0,0,0
5795433,2026-08-30,Fulham,Sunderland,136824,Alex Iwobi,DMC,1,94,0,0,0,0,6.7,0.02,0.26,1,0,60,56,2,70,1,0,0,0,1,1,0,0
5795433,2026-08-30,Fulham,Sunderland,321020,Sander Berge,DMC,1,82,0,0,0,0,6.1,0.0,0.21,0,0,56,50,2,59,2,0,0,0,1,0,1,0
5795433,2026-08-30,Fulham,Sunderland,430709,Oscar Bobb,AMR,1,67,0,0,0,0,6.5,0.0,0.0,0,0,25,18,1,38,3,1,1,0,1,0,2,0
5795433,2026-08-30,Fulham,Sunderland,515865,Josh King,AMC,1,94,0,0,0,0,6.3,0.35,0.01,2,0,36,30,0,53,3,0,0,3,1,0,0,0
5795433,2026-08-30,Fulham,Sunderland,534901,Cesar Palacios,AML,1,75,0,0,1,0,6.5,0.04,0.0,1,0,25,21,0,41,0,1,1,3,2,2,0,0
5795433,2026-08-30,Fulham,Sunderland,498798,Gonzalo Garcia,FW,1,94,0,0,0,0,6.3,0.42,0.0,3,0,19,13,0,32,2,0,3,1,2,1,1,0
5795433,2026-08-30,Fulham,Sunderland,363686,Emile Smith Rowe,Sub,0,19,0,0,0,0,6.2,0.08,0.01,1,0,16,16,2,21,0,0,0,0,0,0,1,0
5795433,2026-08-30,Fulham,Sunderland,322611,Ryan Sessegnon,Sub,0,27,0,0,0,0,6.5,0.04,0.08,1,0,16,13,0,29,1,0,0,2,0,0,0,0
5795433,2026-08-30,Fulham,Sunderland,428060,Shea Charles,Sub,0,27,0,0,0,0,6.1,0.08,0.01,2,0,21,20,0,27,0,1,1,0,0,0,0,0
5795433,2026-08-30,Fulham,Sunderland,429174,Kevin,Sub,0,12,0,0,0,0,6.0,0.0,0.04,0,0,7,7,0,8,0,0,0,0,1,0,0,0
5795434,2026-08-29,Tottenham Hotspur,Newcastle United,457006,Antonin Kinsky,GK,1,94,0,0,0,0,5.5,0.0,0.0,0,0,39,32,0,45,2,0,0,0,0,0,0,0
5795434,2026-08-29,Tottenham Hotspur,Newcastle United,429922,Archie Gray,DR,1,67,0,0,0,0,6.0,0.0,0.0,0,0,19,14,0,31,0,1,0,0,1,2,1,0
5795434,2026-08-29,Tottenham Hotspur,Newcastle United,365402,Jan Paul van Hecke,DC,1,94,0,0,0,0,7.0,0.17,0.0,1,1,82,76,1,95,2,0,3,0,2,6,0,0
5795434,2026-08-29,Tottenham Hotspur,Newcastle United,425229,Micky van de Ven,DC,1,94,0,0,1,0,6.4,0.0,0.0,0,0,78,77,0,89,1,1,2,0,2,6,0,0
5795434,2026-08-29,Tottenham Hotspur,Newcastle United,115726,Andy Robertson,DL,1,67,0,0,0,0,6.4,0.04,0.0,1,1,39,30,1,50,1,0,1,0,0,2,0,0
5795434,2026-08-29,Tottenham Hotspur,Newcastle United,343501,Sandro Tonali,DMC,1,74,0,0,0,0,6.0,0.04,0.01,1,0,36,29,2,43,1,1,0,0,0,0,0,0
5795434,2026-08-29,Tottenham Hotspur,Newcastle United,303657,Rodrigo Bentancur,DMC,1,94,0,0,0,0,6.3,0.0,0.01,0,0,47,45,0,58,3,1,2,0,3,1,1,0
5795434,2026-08-29,Tottenham Hotspur,Newcastle United,362352,Pedro Porro,AMR,1,94,0,0,0,0,6.3,0.59,0.05,4,1,31,23,0,55,3,0,1,1,1,3,1,0
5795434,2026-08-29,Tottenham Hotspur,Newcastle United,447231,Mateus Fernandes,AMC,1,94,0,0,0,0,6.8,0.0,0.11,1,0,55,54,3,69,3,0,1,0,3,0,0,0
5795434,2026-08-29,Tottenham Hotspur,Newcastle United,422885,Mathys Tel,AML,1,67,0,0,0,0,6.1,0.17,0.01,3,1,19,15,0,42,1,0,0,1,0,0,4,0
5795434,2026-08-29,Tottenham Hotspur,Newcastle United,394749,Omar Marmoush,FW,1,94,0,0,0,0,7.1,0.09,0.03,3,1,19,19,3,37,1,0,0,4,3,0,0,0
5795434,2026-08-29,Tottenham Hotspur,Newcastle United,400166,Mohammed Kudus,Sub,0,27,0,0,0,0,5.9,0.04,0.0,1,0,14,12,0,25,0,0,0,1,0,0,1,0
5795434,2026-08-29,Tottenham Hotspur,Newcastle United,401044,Destiny Udogie,Sub,0,27,0,0,0,0,6.1,0.0,0.19,0,0,15,12,1,20,1,0,0,0,0,0,0,0
5795434,2026-08-29,Tottenham Hotspur,Newcastle United,526481,Mikey Moore,Sub,0,27,0,0,0,0,5.8,0.03,0.0,1,0,4,3,0,10,0,0,0,0,0,0,0,0
5795434,2026-08-29,Tottenham Hotspur,Newcastle United,136459,Dominic Solanke,Sub,0,20,0,0,0,0,6.2,0.14,0.0,1,1,1,1,0,4,0,0,0,0,0,0,0,0
5795434,2026-08-29,Newcastle United,Tottenham Hotspur,415682,Lukas Hornicek,GK,1,94,0,0,0,0,8.0,0.0,0.0,0,0,29,16,0,38,0,0,0,0,0,2,0,4
5795434,2026-08-29,Newcastle United,Tottenham Hotspur,418203,Amar Dedic,DR,1,94,0,1,0,0,8.1,0.0,0.04,0,0,27,25,2,47,3,0,1,1,0,4,0,0
5795434,2026-08-29,Newcastle United,Tottenham Hotspur,393355,Malick Thiaw,DC,1,94,0,0,0,0,6.8,0.0,0.0,0,0,38,32,0,45,2,0,3,0,1,3,0,0
5795434,2026-08-29,Newcastle United,Tottenham Hotspur,379732,Sven Botman,DC,1,94,0,0,1,0,6.5,0.02,0.0,1,0,54,49,0,62,2,0,3,0,0,4,0,0
5795434,2026-08-29,Newcastle United,Tottenham Hotspur,430294,Lewis Hall,DL,1,94,0,0,0,0,9.2,0.04,0.31,1,0,37,30,1,76,3,1,1,2,1,6,0,0
5795434,2026-08-29,Newcastle United,Tottenham Hotspur,422939,Nico Gonzalez,DMC,1,70,0,0,1,0,6.5,0.0,0.12,0,0,51,48,2,58,2,1,0,0,2,1,3,0
5795434,2026-08-29,Newcastle United,Tottenham Hotspur,474264,Lewis Miley,DMC,1,94,0,0,0,0,7.0,0.0,0.01,0,0,54,48,1,63,1,1,1,1,0,2,0,0
5795434,2026-08-29,Newcastle United,Tottenham Hotspur,413211,Anthony Elanga,AMR,1,81,1,0,0,0,7.7,0.12,0.09,2,1,14,8,1,31,2,0,0,1,1,0,0,0
5795434,2026-08-29,Newcastle United,Tottenham Hotspur,342563,Joe Willock,AMC,1,70,0,0,0,0,6.1,0.11,0.01,3,0,21,21,0,29,0,0,0,0,3,1,2,0
5795434,2026-08-29,Newcastle United,Tottenham Hotspur,331382,Harvey Barnes,AML,1,92,0,0,0,0,6.8,0.04,0.0,1,0,13,10,2,30,2,0,0,0,1,2,1,0
5795434,2026-08-29,Newcastle United,Tottenham Hotspur,296240,Yoane Wissa,FW,1,81,1,0,0,0,7.5,0.34,0.0,2,1,10,6,1,27,1,0,2,0,0,1,2,0
5795434,2026-08-29,Newcastle United,Tottenham Hotspur,386606,Nick Woltemade,Sub,0,24,0,0,0,0,7.0,0.02,0.01,1,0,5,4,1,11,0,0,2,1,0,0,1,0
5795434,2026-08-29,Newcastle United,Tottenham Hotspur,552573,Sean Steur,Sub,0,24,0,0,0,0,6.3,0.0,0.0,0,0,9,8,0,12,0,0,0,0,0,3,0,0
5795434,2026-08-29,Newcastle United,Tottenham Hotspur,141486,Jacob Murphy,Sub,0,13,0,0,0,0,6.2,0.0,0.27,0,0,3,3,0,6,1,0,0,0,0,0,0,0
5795434,2026-08-29,Newcastle United,Tottenham Hotspur,369813,Jacob Ramsey,Sub,0,13,0,0,0,0,6.2,0.0,0.11,0,0,7,6,0,8,0,0,1,0,0,0,0,0
5795434,2026-08-29,Newcastle United,Tottenham Hotspur,551965,Bazoumana Toure,Sub,0,2,0,0,0,0,6.0,0.0,0.0,0,0,1,0,0,2,0,0,0,0,0,0,0,0
5795435,2026-09-06,Arsenal,Chelsea,276366,David Raya,GK,1,94,0,0,0,0,7.4,0.0,0.02,0,0,34,21,0,48,0,0,0,0,0,2,0,4
5795435,2026-09-06,Arsenal,Chelsea,322036,Ben White,DR,1,94,0,0,0,0,6.6,0.0,0.01,0,0,33,25,0,57,3,0,0,1,0,4,1,0
5795435,2026-09-06,Arsenal,Chelsea,334087,Gabriel Magalhaes,DC,1,94,0,0,0,0,6.8,0.29,0.02,2,2,38,32,0,55,0,1,1,0,0,5,0,0
5795435,2026-09-06,Arsenal,Chelsea,301440,Ezri Konsa,DC,1,94,0,0,0,0,7.3,0.0,0.0,0,0,43,41,0,56,3,1,3,0,1,6,1,0
5795435,2026-09-06,Arsenal,Chelsea,386519,Riccardo Calafiori,DL,1,66,0,0,0,0,6.0,0.4,0.02,2,1,24,19,0,31,2,0,0,0,1,0,0,0
5795435,2026-09-06,Arsenal,Chelsea,332325,Declan Rice,DMC,1,94,0,0,0,0,7.0,0.04,0.03,1,0,68,63,1,81,0,1,2,0,1,3,0,0
5795435,2026-09-06,Arsenal,Chelsea,467918,Myles Lewis-Skelly,DMC,1,66,0,0,0,0,5.8,0.06,0.09,1,0,32,28,1,38,0,0,1,0,5,0,1,0
5795435,2026-09-06,Arsenal,Chelsea,367185,Bukayo Saka,AMR,1,89,0,0,0,0,6.8,0.32,0.15,4,3,28,24,1,50,1,1,0,1,1,0,1,0
5795435,2026-09-06,Arsenal,Chelsea,247454,Martin degaard,AMC,1,76,1,0,0,0,7.8,0.51,0.55,2,1,55,49,4,66,0,0,0,0,0,0,1,0
5795435,2026-09-06,Arsenal,Chelsea,399296,Christos Tzolis,AML,1,94,0,1,1,0,7.7,0.0,0.29,0,0,44,38,4,57,1,1,1,1,0,1,1,0
5795435,2026-09-06,Arsenal,Chelsea,326413,Kai Havertz,FW,1,77,1,0,0,0,8.2,0.2,0.17,3,2,26,19,3,39,0,1,4,0,0,0,1,0
5795435,2026-09-06,Arsenal,Chelsea,404832,Piero Hincapie,Sub,0,28,0,0,0,0,6.2,0.0,0.0,0,0,11,10,0,17,1,0,0,0,0,2,0,0
5795435,2026-09-06,Arsenal,Chelsea,238916,Mikel Merino,Sub,0,18,0,0,1,0,5.9,0.0,0.0,0,0,9,8,0,10,0,0,0,0,0,0,0,0
5795435,2026-09-06,Arsenal,Chelsea,372424,Martin Zubimendi,Sub,0,28,0,0,0,0,6.4,0.1,0.01,1,0,10,8,0,20,0,3,1,0,3,1,2,0
5795435,2026-09-06,Arsenal,Chelsea,362815,Viktor Gyokeres,Sub,0,17,0,0,0,0,6.0,0.0,0.0,0,0,3,2,0,5,0,0,0,0,1,0,0,0
5795435,2026-09-06,Arsenal,Chelsea,389935,Noni Madueke,Sub,0,5,0,0,0,0,6.1,0.0,0.01,0,0,3,3,0,6,1,0,0,0,0,0,0,0
5795435,2026-09-06,Chelsea,Arsenal,102248,Emiliano Martinez,GK,1,94,0,0,0,0,7.4,0.0,0.01,0,0,37,19,0,49,0,0,0,0,0,0,0,8
5795435,2026-09-06,Chelsea,Arsenal,401130,Maxence Lacroix,DC,1,94,0,0,1,0,6.7,0.0,0.0,0,0,48,43,0,61,2,1,3,0,1,6,0,0
5795435,2026-09-06,Chelsea,Arsenal,373946,Wesley Fofana,DC,1,94,0,0,0,0,7.1,0.0,0.02,0,0,48,44,2,74,4,2,1,0,3,10,2,0
5795435,2026-09-06,Chelsea,Arsenal,518604,Josh Acheampong,DC,1,94,0,0,0,0,5.8,0.0,0.0,0,0,13,11,0,21,0,0,0,0,1,1,0,0
5795435,2026-09-06,Chelsea,Arsenal,337916,Pedro Neto,DMR,1,80,0,0,0,0,6.7,0.04,0.03,1,0,22,18,2,40,2,2,1,1,1,0,1,0
5795435,2026-09-06,Chelsea,Arsenal,467715,Jorrel Hato,DML,1,59,0,1,0,0,7.0,0.0,0.04,0,0,14,11,1,29,3,0,2,0,1,2,0,0
5795435,2026-09-06,Chelsea,Arsenal,425319,Romeo Lavia,MC,1,59,0,0,0,0,6.3,0.0,0.0,0,0,27,24,0,38,1,1,1,0,0,1,0,0
5795435,2026-09-06,Chelsea,Arsenal,361330,Reece James,MC,1,94,0,0,0,0,6.5,0.08,0.01,3,1,46,43,1,60,0,0,2,0,2,3,0,0
5795435,2026-09-06,Chelsea,Arsenal,395692,Cole Palmer,AMC,1,94,0,0,1,0,6.2,0.11,0.03,3,2,47,39,1,55,0,0,0,0,2,0,2,0
5795435,2026-09-06,Chelsea,Arsenal,362824,Morgan Rogers,AMC,1,86,1,0,1,0,7.0,0.1,0.01,3,1,29,21,1,39,0,0,1,1,2,0,0,0
5795435,2026-09-06,Chelsea,Arsenal,373525,Joao Pedro,FW,1,94,0,0,1,0,6.2,0.02,0.02,1,0,19,13,2,35,0,0,4,0,2,0,1,0
5795435,2026-09-06,Chelsea,Arsenal,403850,Malo Gusto,Sub,0,35,0,0,0,0,6.3,0.04,0.0,1,0,18,16,0,25,2,0,1,0,0,0,0,0
5795435,2026-09-06,Chelsea,Arsenal,448468,Pep Chavarria,Sub,0,35,0,0,0,0,6.1,0.0,0.0,0,0,10,7,0,18,1,1,0,0,1,0,0,0
5795435,2026-09-06,Chelsea,Arsenal,39308,Danny Welbeck,Sub,0,8,0,0,0,0,6.0,0.0,0.0,0,0,1,1,0,2,0,0,0,0,0,0,0,0
5795435,2026-09-06,Chelsea,Arsenal,510728,Estevao,Sub,0,14,0,0,0,0,6.2,0.04,0.0,1,1,5,4,0,6,0,0,0,0,0,0,0,0
5795436,2026-09-05,Brentford,Sunderland,322176,Caoimhin Kelleher,GK,1,96,0,0,0,0,6.9,0.0,0.0,0,0,30,17,0,40,0,0,1,0,0,2,0,2
5795436,2026-09-05,Brentford,Sunderland,470031,Michael Kayode,DR,1,45,0,0,0,0,6.6,0.03,0.0,1,0,6,6,0,18,2,1,1,0,2,3,0,0
5795436,2026-09-05,Brentford,Sunderland,372724,Nathan Collins,DC,1,16,0,0,0,0,6.4,0.0,0.0,0,0,2,1,0,4,0,0,0,0,0,1,0,0
5795436,2026-09-05,Brentford,Sunderland,321085,Kristoffer Ajer,DC,1,96,0,0,0,0,6.6,0.0,0.0,0,0,57,46,0,65,0,1,6,0,1,4,0,0
5795436,2026-09-05,Brentford,Sunderland,368512,Keane Lewis-Potter,DL,1,96,0,0,0,0,6.1,0.44,0.31,3,0,29,25,3,62,1,0,0,1,4,4,1,0
5795436,2026-09-05,Brentford,Sunderland,298689,Vitaly Janelt,DMC,1,96,1,0,1,0,7.3,0.27,0.01,1,1,51,40,0,61,5,2,0,0,3,0,0,0
5795436,2026-09-05,Brentford,Sunderland,442971,Mamadou Sangare,DMC,1,45,0,0,1,0,6.4,0.07,0.0,2,0,19,16,0,27,1,1,0,1,3,0,0,0
5795436,2026-09-05,Brentford,Sunderland,422183,Dango Ouattara,AMR,1,45,0,0,0,0,6.4,0.0,0.01,0,0,14,10,1,22,1,1,0,0,1,2,0,0
5795436,2026-09-05,Brentford,Sunderland,401168,Mikkel Damsgaard,AMC,1,85,0,0,0,0,6.6,0.0,0.37,0,0,37,30,2,54,1,0,0,1,0,1,1,0
5795436,2026-09-05,Brentford,Sunderland,407260,Kevin Schade,AML,1,96,0,0,0,0,6.4,0.0,0.15,0,0,24,18,1,44,0,0,4,1,0,0,1,0
5795436,2026-09-05,Brentford,Sunderland,443784,Igor Thiago,FW,1,96,0,0,0,0,7.1,0.34,0.0,2,1,19,13,0,35,1,0,7,1,0,2,1,0
5795436,2026-09-05,Brentford,Sunderland,533784,Jannik Schuster,Sub,0,80,0,0,0,0,6.9,0.05,0.01,1,0,27,22,0,42,1,0,4,0,1,9,0,0
5795436,2026-09-05,Brentford,Sunderland,134115,Callum Wilson,Sub,0,11,0,0,0,0,6.0,0.0,0.0,0,0,0,0,0,2,1,0,1,0,1,1,0,0
5795436,2026-09-05,Brentford,Sunderland,400610,Jaidon Anthony,Sub,0,51,0,0,0,0,5.9,0.06,0.0,1,0,13,7,0,29,0,0,0,1,1,0,0,0
5795436,2026-09-05,Brentford,Sunderland,402367,Aaron Hickey,Sub,0,51,0,0,0,0,6.4,0.0,0.0,0,0,15,13,0,29,1,2,1,0,0,2,0,0
5795436,2026-09-05,Brentford,Sunderland,444304,Yehor Yarmoliuk,Sub,0,51,0,0,1,0,6.1,0.03,0.01,1,0,28,23,0,38,2,0,1,0,2,1,0,0
5795436,2026-09-05,Sunderland,Brentford,422814,Robin Roefs,GK,1,96,0,0,0,0,6.3,0.0,0.0,0,0,36,24,0,48,0,0,0,0,0,1,0,1
5795436,2026-09-05,Sunderland,Brentford,299077,Nordi Mukiele,DR,1,96,0,0,0,0,7.4,0.0,0.01,0,0,27,19,0,54,6,0,5,1,1,9,2,0
5795436,2026-09-05,Sunderland,Brentford,330816,Kevin Danso,DC,1,96,0,0,0,0,6.8,0.0,0.04,0,0,43,35,1,60,1,0,2,0,1,7,0,0
5795436,2026-09-05,Sunderland,Brentford,371761,Dan Ballard,DC,1,96,0,0,0,0,7.2,0.04,0.17,1,0,34,25,1,49,3,0,6,1,0,7,0,0
5795436,2026-09-05,Sunderland,Brentford,361812,Reinildo Mandava,DL,1,96,0,0,0,0,6.6,0.0,0.01,0,0,37,31,0,59,4,2,1,0,0,2,0,0
5795436,2026-09-05,Sunderland,Brentford,437449,Noah Sadiki,DMC,1,73,0,0,1,0,6.2,0.41,0.22,3,2,36,34,1,46,0,0,0,0,1,0,1,0
5795436,2026-09-05,Sunderland,Brentford,89401,Granit Xhaka,DMC,1,96,0,0,1,0,6.7,0.04,0.05,1,0,56,39,1,76,3,2,2,0,0,1,1,0
5795436,2026-09-05,Sunderland,Brentford,104376,Thomas Meunier,AMR,1,63,0,0,0,0,6.2,0.35,0.0,1,1,12,10,0,20,0,1,0,0,1,1,0,0
5795436,2026-09-05,Sunderland,Brentford,398393,Enzo Le Fee,AMC,1,96,1,0,0,0,7.6,0.87,0.01,3,1,36,23,0,56,4,0,3,1,0,0,0,0
5795436,2026-09-05,Sunderland,Brentford,443064,Nilson Angulo,AML,1,63,0,0,0,0,6.3,0.0,0.04,0,0,27,22,0,45,1,0,0,2,0,0,1,0
5795436,2026-09-05,Sunderland,Brentford,404568,Brian Brobbey,FW,1,96,0,0,0,0,7.0,0.17,0.08,3,0,21,15,3,32,1,0,5,0,1,0,0,0
5795436,2026-09-05,Sunderland,Brentford,438102,Malick Fofana,Sub,0,23,0,0,0,0,6.2,0.0,0.0,0,0,5,5,0,8,0,0,0,1,1,0,0,0
5795436,2026-09-05,Sunderland,Brentford,363535,Wilson Isidor,Sub,0,33,0,0,0,0,6.8,0.1,0.0,2,1,6,3,0,17,0,0,1,1,2,0,0,0
5795436,2026-09-05,Sunderland,Brentford,424514,Trai Hume,Sub,0,33,0,0,0,0,6.7,0.0,0.0,0,0,8,5,0,13,2,0,3,0,1,0,0,0
5795437,2026-09-05,Brighton & Hove Albion,Leeds United,400138,Bart Verbruggen,GK,1,94,0,0,0,0,7.0,0.0,0.26,0,0,43,33,0,48,0,0,0,0,0,0,0,3
5795437,2026-09-05,Brighton & Hove Albion,Leeds United,321958,Ferdi Kadioglu,DR,1,77,0,0,0,0,6.5,0.09,0.0,2,1,28,23,1,45,2,1,0,0,1,3,0,0
5795437,2026-09-05,Brighton & Hove Albion,Leeds United,533010,Luka Vuskovic,DC,1,94,1,0,0,0,7.7,0.24,0.0,2,1,63,56,0,84,3,1,1,1,1,6,0,0
5795437,2026-09-05,Brighton & Hove Albion,Leeds United,86441,Lewis Dunk,DC,1,94,0,0,0,0,7.8,0.0,0.0,0,0,83,71,0,99,1,0,7,1,1,11,0,0
5795437,2026-09-05,Brighton & Hove Albion,Leeds United,260809,Olivier Boscagli,DL,1,92,0,0,0,0,7.1,0.0,0.29,0,0,64,51,5,90,1,0,3,0,1,4,0,0
5795437,2026-09-05,Brighton & Hove Albion,Leeds United,71824,Pascal Gro,DMC,1,94,0,0,1,0,5.9,0.65,0.02,5,0,54,45,1,79,1,2,1,0,2,0,2,0
5795437,2026-09-05,Brighton & Hove Albion,Leeds United,470690,Yasin Ayari,DMC,1,94,0,0,0,0,6.8,0.09,0.03,2,1,58,53,1,75,0,0,0,3,0,1,0,0
5795437,2026-09-05,Brighton & Hove Albion,Leeds United,446133,Diego Gomez,AMR,1,94,0,0,0,0,7.0,0.1,0.03,4,1,31,20,2,57,3,1,4,0,2,1,1,0
5795437,2026-09-05,Brighton & Hove Albion,Leeds United,533015,Malick Yalcouye,AMC,1,94,0,0,0,0,6.6,0.05,0.11,1,0,34,29,2,55,0,0,2,1,0,2,0,0
5795437,2026-09-05,Brighton & Hove Albion,Leeds United,392647,Maxim De Cuyper,AML,1,76,0,1,1,0,6.7,0.0,0.17,0,0,32,29,1,50,3,0,0,0,1,1,0,0
5795437,2026-09-05,Brighton & Hove Albion,Leeds United,533923,Charalampos Kostoulas,FW,1,94,0,0,0,0,6.5,0.48,0.02,3,1,22,18,0,49,1,0,3,3,1,3,4,0
5795437,2026-09-05,Brighton & Hove Albion,Leeds United,532188,Promise David,Sub,0,18,0,0,1,0,5.6,0.37,0.0,1,0,0,0,0,5,0,0,0,0,2,0,0,0
5795437,2026-09-05,Brighton & Hove Albion,Leeds United,355609,Pascal Struijk,Sub,0,2,0,0,0,0,6.0,0.0,0.0,0,0,2,2,0,2,0,0,0,0,0,0,0,0
5795437,2026-09-05,Brighton & Hove Albion,Leeds United,395954,Costinha,Sub,0,17,0,0,0,0,6.4,0.0,0.16,0,0,8,7,1,14,0,0,0,1,1,1,0,0
5795437,2026-09-05,Leeds United,Brighton & Hove Albion,404852,James Trafford,GK,1,94,0,0,0,0,7.3,0.0,0.0,0,0,32,15,0,49,0,0,0,0,0,2,0,4
5795437,2026-09-05,Leeds United,Brighton & Hove Albion,439533,Tarik Muharemovic,DC,1,94,0,0,0,0,7.2,0.0,0.0,0,0,37,26,0,58,2,2,3,0,0,9,0,0
5795437,2026-09-05,Leeds United,Brighton & Hove Albion,243534,Nico Elvedi,DC,1,94,0,0,0,0,7.0,0.0,0.37,0,0,22,19,2,36,2,1,4,0,1,7,0,0
5795437,2026-09-05,Leeds United,Brighton & Hove Albion,301441,James Justin,DC,1,94,0,0,0,0,7.0,0.09,0.0,2,1,16,12,0,43,4,2,2,0,2,5,0,0
5795437,2026-09-05,Leeds United,Brighton & Hove Albion,354291,Jayden Bogle,DMR,1,60,1,0,1,0,7.2,0.86,0.02,1,1,12,8,0,26,0,1,0,1,1,1,1,0
5795437,2026-09-05,Leeds United,Brighton & Hove Albion,330549,Gabriel Gudmundsson,DML,1,94,0,0,0,0,6.7,0.0,0.0,0,0,26,16,0,51,3,0,2,1,1,2,1,0
5795437,2026-09-05,Leeds United,Brighton & Hove Albion,401073,Anton Stach,MC,1,94,0,0,0,0,6.7,0.35,0.08,1,1,19,13,1,41,3,0,3,1,3,1,1,0
5795437,2026-09-05,Leeds United,Brighton & Hove Albion,423347,Ao Tanaka,MC,1,72,0,0,0,0,7.0,0.39,0.0,2,0,24,19,1,37,2,0,0,1,1,3,0,0
5795437,2026-09-05,Leeds United,Brighton & Hove Albion,322418,Ethan Ampadu,MC,1,94,0,0,0,0,6.8,0.0,0.0,0,0,28,19,0,46,5,2,1,0,1,2,0,0
5795437,2026-09-05,Leeds United,Brighton & Hove Albion,376090,Noah Okafor,FW,1,61,0,0,0,0,6.6,0.0,0.01,0,0,7,3,0,19,0,0,0,3,1,0,0,0
5795437,2026-09-05,Leeds United,Brighton & Hove Albion,141469,Dominic Calvert-Lewin,FW,1,72,0,0,1,0,6.5,0.73,0.06,2,2,12,8,1,24,0,0,5,0,3,1,0,0
5795437,2026-09-05,Leeds United,Brighton & Hove Albion,347340,Lukas Nmecha,Sub,0,22,0,0,0,0,5.9,0.16,0.14,2,0,4,4,0,8,0,0,0,0,0,0,0,0
5795437,2026-09-05,Leeds United,Brighton & Hove Albion,360941,Jaka Bijol,Sub,0,34,0,0,0,0,6.2,0.0,0.0,0,0,4,3,0,9,2,0,0,0,0,2,0,0
5795437,2026-09-05,Leeds United,Brighton & Hove Albion,371012,Brenden Aaronson,Sub,0,33,0,0,0,0,5.9,0.0,0.0,0,0,4,2,0,11,3,0,1,0,0,0,0,0
5795437,2026-09-05,Leeds United,Brighton & Hove Albion,333044,Harry Wilson,Sub,0,22,0,0,1,0,6.0,0.0,0.0,0,0,5,4,2,8,1,0,0,0,2,0,0,0
5795438,2026-09-06,Everton,Manchester United,110189,Jordan Pickford,GK,1,96,0,0,0,0,5.6,0.0,0.01,0,0,41,31,0,51,0,0,0,0,0,0,0,1
5795438,2026-09-06,Everton,Manchester United,419945,Merlin Rohl,DR,1,74,0,0,1,0,6.1,0.0,0.15,0,0,22,20,1,40,2,0,0,0,2,2,0,0
5795438,2026-09-06,Everton,Manchester United,131464,James Tarkowski,DC,1,96,0,0,0,0,7.3,0.02,0.0,1,0,53,43,0,69,3,4,4,0,0,4,0,0
5795438,2026-09-06,Everton,Manchester United,381045,Jarrad Branthwaite,DC,1,96,0,0,0,0,7.4,0.06,0.0,2,2,54,48,0,69,1,2,4,0,0,4,0,0
5795438,2026-09-06,Everton,Manchester United,345516,Vitalii Mykolenko,DL,1,96,0,0,0,0,6.7,0.0,0.0,0,0,39,35,0,61,4,2,1,1,0,1,0,0
5795438,2026-09-06,Everton,Manchester United,535879,Harrison Armstrong,DMC,1,96,0,0,1,0,6.1,0.11,0.01,2,0,27,24,0,40,1,0,0,1,1,3,1,0
5795438,2026-09-06,Everton,Manchester United,367781,James Garner,DMC,1,76,0,0,0,0,6.5,0.0,0.03,0,0,46,42,2,55,2,1,0,0,1,1,0,0
5795438,2026-09-06,Everton,Manchester United,379688,Brennan Johnson,AMR,1,65,0,0,1,0,6.2,0.08,0.05,1,0,16,14,2,28,1,2,0,0,2,1,1,0
5795438,2026-09-06,Everton,Manchester United,391256,Kiernan Dewsbury-Hall,AMC,1,96,0,0,0,0,7.1,0.27,0.06,4,2,40,34,2,64,4,0,0,1,0,2,3,0
5795438,2026-09-06,Everton,Manchester United,523597,Tyrique George,AML,1,96,1,0,0,0,8.0,0.04,0.03,1,1,28,26,3,46,2,1,0,4,1,0,1,0
5795438,2026-09-06,Everton,Manchester United,537713,Thierno Barry,FW,1,96,0,0,0,0,6.7,0.44,0.01,4,0,22,17,1,38,0,0,5,2,0,0,0,0
5795438,2026-09-06,Everton,Manchester United,255169,Ainsley Maitland-Niles,Sub,0,20,1,0,0,0,7.0,0.02,0.0,1,1,4,4,0,6,0,0,0,0,0,0,0,0
5795438,2026-09-06,Everton,Manchester United,113069,Jack Grealish,Sub,0,31,0,0,0,0,6.5,0.04,0.18,1,0,11,10,1,17,1,0,0,1,0,0,0,0
5795438,2026-09-06,Everton,Manchester United,388651,Hayden Hackney,Sub,0,22,0,0,0,0,6.5,0.03,0.05,1,0,15,13,2,22,1,0,0,0,0,0,1,0
5795438,2026-09-06,Manchester United,Everton,402184,Senne Lammens,GK,1,96,0,0,0,0,6.7,0.0,0.0,0,0,21,14,0,33,0,0,1,0,0,1,0,4
5795438,2026-09-06,Manchester United,Everton,353418,Diogo Dalot,DR,1,83,0,0,1,0,6.1,0.01,0.0,1,0,36,33,2,49,4,1,1,0,3,1,0,0
5795438,2026-09-06,Manchester United,Everton,340105,Lisandro Martinez,DC,1,96,0,0,0,0,6.7,0.0,0.0,0,0,44,43,0,57,2,1,3,0,0,7,0,0
5795438,2026-09-06,Manchester United,Everton,99487,Harry Maguire,DC,1,96,0,0,1,0,6.7,0.0,0.0,0,0,66,55,0,80,0,1,5,0,2,10,0,0
5795438,2026-09-06,Manchester United,Everton,118244,Luke Shaw,DL,1,90,0,1,1,0,7.5,0.05,0.19,1,0,43,39,1,64,1,1,1,0,2,3,0,0
5795438,2026-09-06,Manchester United,Everton,136345,Youri Tielemans,DMC,1,96,0,0,0,0,6.6,0.06,0.02,2,1,81,74,1,89,2,1,0,1,0,0,0,0
5795438,2026-09-06,Manchester United,Everton,460260,Kobbie Mainoo,DMC,1,83,0,0,0,0,7.2,0.0,0.07,0,0,77,74,2,95,2,1,0,1,0,2,1,0
5795438,2026-09-06,Manchester United,Everton,353377,Bryan Mbeumo,AMR,1,96,1,0,0,0,7.5,0.11,0.04,2,1,23,20,1,39,4,3,0,1,2,1,0,0
5795438,2026-09-06,Manchester United,Everton,123761,Bruno Fernandes,AMC,1,96,0,0,0,0,6.6,0.16,0.07,4,0,52,43,2,65,0,0,0,0,1,0,1,0
5795438,2026-09-06,Manchester United,Everton,300299,Marcus Rashford,AML,1,69,0,0,0,0,6.8,0.0,0.11,0,0,26,17,1,37,0,0,1,3,1,0,0,0
5795438,2026-09-06,Manchester United,Everton,362758,Matheus Cunha,FW,1,69,0,0,0,0,6.3,0.1,0.05,2,0,28,22,0,42,2,0,0,0,0,0,2,0
5795438,2026-09-06,Manchester United,Everton,451236,Andrey Santos,Sub,0,13,0,0,0,0,6.3,0.0,0.0,0,0,8,8,0,16,0,0,1,0,0,4,0,0
5795438,2026-09-06,Manchester United,Everton,495260,Patrick Dorgu,Sub,0,27,0,0,0,0,6.2,0.0,0.0,0,0,8,5,0,13,1,0,3,0,0,1,1,0
5795438,2026-09-06,Manchester United,Everton,437299,Leny Yoro,Sub,0,13,0,0,0,0,6.2,0.0,0.02,0,0,6,5,0,11,2,0,0,0,0,1,1,0
5795438,2026-09-06,Manchester United,Everton,349932,Noussair Mazraoui,Sub,0,6,0,0,0,0,6.0,0.0,0.01,0,0,3,3,0,5,1,0,0,0,0,0,0,0
5795438,2026-09-06,Manchester United,Everton,424191,Benjamin Sesko,Sub,0,27,1,0,0,0,6.7,0.35,0.0,2,1,5,3,0,7,0,0,0,0,0,0,0,0
5795439,2026-09-05,Fulham,Crystal Palace,92173,Bernd Leno,GK,1,94,0,0,0,0,6.0,0.0,0.0,0,0,42,39,0,48,0,0,0,0,0,0,0,2
5795439,2026-09-05,Fulham,Crystal Palace,141169,Timothy Castagne,DR,1,94,0,0,0,0,6.6,0.5,0.09,3,1,69,59,2,95,2,2,0,0,2,2,0,0
5795439,2026-09-05,Fulham,Crystal Palace,231135,Joachim Andersen,DC,1,94,0,0,0,0,6.7,0.0,0.08,0,0,112,101,2,125,2,1,2,0,0,4,1,0
5795439,2026-09-05,Fulham,Crystal Palace,396976,Calvin Bassey,DC,1,94,0,0,0,0,6.0,0.0,0.01,0,0,95,87,0,104,1,0,0,1,1,1,0,0
5795439,2026-09-05,Fulham,Crystal Palace,306581,Antonee Robinson,DL,1,78,0,0,0,0,6.5,0.08,0.08,2,0,50,43,2,72,2,0,0,1,0,3,0,0
5795439,2026-09-05,Fulham,Crystal Palace,136824,Alex Iwobi,DMC,1,82,0,0,0,0,5.9,0.04,0.29,1,0,70,64,1,87,2,0,0,0,1,0,0,0
5795439,2026-09-05,Fulham,Crystal Palace,428060,Shea Charles,DMC,1,78,0,0,0,0,6.2,0.0,0.1,0,0,54,49,3,66,2,3,0,1,0,0,0,0
5795439,2026-09-05,Fulham,Crystal Palace,430709,Oscar Bobb,AMR,1,78,0,0,0,0,7.1,0.27,0.56,3,1,24,18,4,42,0,0,0,2,0,0,0,0
5795439,2026-09-05,Fulham,Crystal Palace,515865,Josh King,AMC,1,94,1,0,0,0,7.7,0.17,0.13,2,1,37,33,2,50,1,1,0,2,0,0,1,0
5795439,2026-09-05,Fulham,Crystal Palace,534901,Cesar Palacios,AML,1,60,1,0,0,0,7.3,0.71,0.01,5,2,29,26,1,41,0,0,1,1,1,0,0,0
5795439,2026-09-05,Fulham,Crystal Palace,498798,Gonzalo Garcia,FW,1,94,0,0,0,0,7.3,0.26,0.17,5,0,20,16,1,41,2,1,3,2,1,2,1,0
5795439,2026-09-05,Fulham,Crystal Palace,403649,Rodrigo Muniz,Sub,0,12,0,0,0,0,6.3,0.18,0.0,2,1,2,1,1,8,0,0,2,0,0,0,0,0
5795439,2026-09-05,Fulham,Crystal Palace,321020,Sander Berge,Sub,0,34,0,0,0,0,6.0,0.0,0.14,0,0,34,34,0,36,0,0,0,0,0,0,0,0
5795439,2026-09-05,Fulham,Crystal Palace,443796,Hugo Larsson,Sub,0,16,0,0,0,0,6.1,0.1,0.17,1,0,17,14,0,21,2,0,0,0,0,0,0,0
5795439,2026-09-05,Fulham,Crystal Palace,322611,Ryan Sessegnon,Sub,0,16,0,0,0,0,6.3,0.08,0.23,1,0,17,14,1,26,0,1,0,0,0,0,0,0
5795439,2026-09-05,Fulham,Crystal Palace,363686,Emile Smith Rowe,Sub,0,16,0,0,0,0,6.0,0.0,0.0,0,0,6,4,0,9,0,0,0,0,0,0,0,0
5795439,2026-09-05,Crystal Palace,Fulham,304008,Dean Henderson,GK,1,94,0,0,0,0,7.2,0.0,0.0,0,0,34,28,0,43,0,0,0,0,0,1,0,5
5795439,2026-09-05,Crystal Palace,Fulham,300426,Axel Disasi,DC,1,94,0,0,0,0,7.3,0.0,0.07,0,0,60,53,1,78,6,4,3,1,0,3,1,0
5795439,2026-09-05,Crystal Palace,Fulham,395401,Chris Richards,DC,1,94,0,0,0,0,6.7,0.05,0.0,1,1,43,36,0,59,1,0,1,0,1,5,0,0
5795439,2026-09-05,Crystal Palace,Fulham,531676,Jaydee Canvot,DC,1,94,0,0,0,0,5.8,0.0,0.0,0,0,49,44,0,61,4,3,1,0,0,4,0,0
5795439,2026-09-05,Crystal Palace,Fulham,444136,Anan Khalaili,DMR,1,94,0,0,0,0,7.3,0.46,0.0,2,0,30,24,0,62,6,2,3,1,0,4,0,0
5795439,2026-09-05,Crystal Palace,Fulham,389579,Tyrick Mitchell,DML,1,73,2,0,0,0,8.1,0.56,0.0,3,2,20,10,1,48,3,1,0,1,0,3,1,0
5795439,2026-09-05,Crystal Palace,Fulham,411078,Quinten Timber,MC,1,73,0,0,0,0,6.2,0.03,0.0,1,0,18,12,0,26,1,1,0,0,2,0,1,0
5795439,2026-09-05,Crystal Palace,Fulham,430774,Adam Wharton,MC,1,94,0,0,0,0,6.4,0.0,0.0,0,0,24,16,0,40,2,1,0,0,0,5,1,0
5795439,2026-09-05,Crystal Palace,Fulham,344166,Daichi Kamada,AMC,1,88,0,0,0,0,6.5,0.0,0.01,0,0,30,22,2,36,1,0,0,0,0,0,0,0
5795439,2026-09-05,Crystal Palace,Fulham,403865,Yeremy Pino,AMC,1,88,0,0,0,0,6.8,0.37,0.28,1,0,38,31,3,52,1,0,1,0,1,1,0,0
5795439,2026-09-05,Crystal Palace,Fulham,345845,Eddie Nketiah,FW,1,45,0,0,0,0,6.7,0.35,0.0,1,1,8,5,1,15,1,0,1,1,1,0,0,0
5795439,2026-09-05,Crystal Palace,Fulham,445248,Dario Osorio,Sub,0,6,0,0,0,0,6.1,0.0,0.0,0,0,2,1,0,4,1,0,0,0,0,0,0,0
5795439,2026-09-05,Crystal Palace,Fulham,333048,Jrgen Strand Larsen,Sub,0,49,0,0,0,0,6.7,0.0,0.0,0,0,9,5,0,21,0,0,5,1,1,1,2,0
5795439,2026-09-05,Crystal Palace,Fulham,397469,Oscar Mingueza,Sub,0,6,0,0,0,0,6.1,0.0,0.0,0,0,3,2,0,7,1,0,0,0,1,0,0,0
5795439,2026-09-05,Crystal Palace,Fulham,108638,Will Hughes,Sub,0,21,0,0,0,0,6.2,0.0,0.0,0,0,4,3,0,7,0,0,0,0,0,2,0,0
5795439,2026-09-05,Crystal Palace,Fulham,299272,Ben Chilwell,Sub,0,21,1,0,0,0,6.9,0.23,0.0,1,1,5,5,0,7,0,0,0,0,0,0,0,0
5795440,2026-09-05,Hull City,Aston Villa,397331,Konstantinos Tzolakis,GK,1,93,0,0,0,0,6.9,0.0,0.0,0,0,34,18,0,42,0,0,0,0,0,0,0,1
5795440,2026-09-05,Hull City,Aston Villa,301415,Lewie Coyle,DR,1,63,0,0,0,0,6.3,0.0,0.0,0,0,8,7,0,16,1,0,0,0,0,0,0,0
5795440,2026-09-05,Hull City,Aston Villa,108632,John Egan,DC,1,93,0,0,0,0,6.9,0.0,0.0,0,0,18,13,0,26,3,2,1,0,1,1,0,0
5795440,2026-09-05,Hull City,Aston Villa,247815,Semi Ajayi,DC,1,93,0,0,1,0,6.6,0.0,0.0,0,0,25,23,0,35,2,1,1,0,1,4,1,0
5795440,2026-09-05,Hull City,Aston Villa,469508,Nobel Mendy,DC,1,70,0,0,0,0,7.2,0.02,0.0,2,1,24,18,0,41,3,2,0,0,2,4,0,0
5795440,2026-09-05,Hull City,Aston Villa,362831,Ryan Giles,DL,1,93,0,0,0,0,7.2,0.0,0.09,0,0,18,15,2,37,1,1,0,2,0,2,0,0
5795440,2026-09-05,Hull City,Aston Villa,457802,Mohamed Belloumi,MR,1,81,0,0,0,0,8.0,0.06,0.0,2,1,13,9,1,34,6,6,1,2,0,1,0,0
5795440,2026-09-05,Hull City,Aston Villa,393137,Lucas Gourna-Douath,MC,1,81,0,0,1,0,6.9,0.0,0.0,0,0,23,16,2,35,2,2,2,1,1,1,1,0
5795440,2026-09-05,Hull City,Aston Villa,349981,Regan Slater,MC,1,93,0,0,0,0,7.2,0.04,0.0,2,1,24,18,1,35,2,2,3,1,1,1,0,0
5795440,2026-09-05,Hull City,Aston Villa,614510,Elliot Stroud,ML,1,62,0,0,0,0,6.3,0.04,0.0,1,0,9,6,1,12,0,0,0,1,2,0,0,0
5795440,2026-09-05,Hull City,Aston Villa,138695,Oliver McBurnie,FW,1,93,0,0,0,0,6.8,0.39,0.06,3,0,15,9,1,32,2,0,9,1,1,1,1,0
5795440,2026-09-05,Hull City,Aston Villa,399014,Mohamed-Ali Cho,Sub,0,12,0,0,0,0,6.2,0.05,0.0,1,1,1,0,0,2,0,0,0,0,0,0,0,0
5795440,2026-09-05,Hull City,Aston Villa,431573,Brooke Norton-Cuffy,Sub,0,30,0,0,0,0,6.1,0.0,0.0,0,0,3,3,0,9,0,0,0,0,0,1,0,0
5795440,2026-09-05,Hull City,Aston Villa,366114,Sorba Thomas,Sub,0,31,0,0,0,0,6.2,0.0,0.03,0,0,7,6,1,13,0,0,0,1,0,0,1,0
5795440,2026-09-05,Hull City,Aston Villa,462243,Jens Hjert-Dahl,Sub,0,12,0,0,0,0,6.0,0.0,0.0,0,0,2,1,0,3,1,0,0,0,0,0,0,0
5795440,2026-09-05,Hull City,Aston Villa,606532,Lucas Herrington,Sub,0,23,0,0,0,0,6.2,0.0,0.0,0,0,5,5,0,8,1,0,0,0,1,0,0,0
5795440,2026-09-05,Aston Villa,Hull City,447570,Zion Suzuki,GK,1,93,0,0,0,0,7.5,0.0,0.0,0,0,38,36,0,55,0,0,1,0,0,1,0,4
5795440,2026-09-05,Aston Villa,Hull City,322043,Matty Cash,DR,1,84,0,0,0,0,6.4,0.0,0.01,0,0,66,57,1,85,2,0,1,0,1,1,0,0
5795440,2026-09-05,Aston Villa,Hull City,100008,Victor Lindelof,DC,1,93,0,0,0,0,7.0,0.0,0.07,0,0,110,105,2,114,0,0,1,0,0,4,0,0
5795440,2026-09-05,Aston Villa,Hull City,123167,Tyrone Mings,DC,1,93,0,0,0,0,7.0,0.11,0.0,3,0,80,73,0,91,1,0,2,1,0,4,0,0
5795440,2026-09-05,Aston Villa,Hull City,384134,Ian Maatsen,DL,1,74,0,0,0,0,6.9,0.0,0.3,0,0,40,36,1,56,1,1,1,1,0,1,0,0
5795440,2026-09-05,Aston Villa,Hull City,331790,Boubacar Kamara,DMC,1,93,0,0,0,0,7.0,0.0,0.02,0,0,97,88,1,115,3,1,3,0,1,2,0,0
5795440,2026-09-05,Aston Villa,Hull City,92547,Ross Barkley,DMC,1,93,0,0,0,0,6.9,0.18,0.06,4,0,103,94,2,120,2,0,1,2,0,2,3,0
5795440,2026-09-05,Aston Villa,Hull City,318449,John McGinn,AMR,1,93,0,0,0,0,5.8,0.43,0.01,1,0,36,30,0,55,2,1,1,0,1,0,5,0
5795440,2026-09-05,Aston Villa,Hull City,260592,Emiliano Buendia,AMC,1,74,0,0,0,0,5.8,0.39,0.02,2,0,34,23,0,40,0,0,0,0,0,0,0,0
5795440,2026-09-05,Aston Villa,Hull City,576066,George Hemmings,AML,1,74,0,0,0,0,6.9,0.04,0.13,1,1,19,17,1,32,3,0,1,2,2,2,0,0
5795440,2026-09-05,Aston Villa,Hull City,426050,Nicolas Jackson,FW,1,84,0,0,0,0,6.6,0.11,0.42,2,0,20,17,1,30,0,0,2,1,0,0,0,0
5795440,2026-09-05,Aston Villa,Hull City,437022,Alejandro Garnacho,Sub,0,19,0,0,0,0,6.2,0.0,0.0,0,0,9,8,0,12,0,0,0,1,0,0,1,0
5795440,2026-09-05,Aston Villa,Hull City,520919,Alysson,Sub,0,19,0,0,0,0,6.0,0.0,0.0,0,0,11,10,0,13,1,0,0,0,0,0,0,0
5795440,2026-09-05,Aston Villa,Hull City,331924,Aaron Wan-Bissaka,Sub,0,9,0,0,0,0,6.1,0.0,0.0,0,0,9,9,0,12,0,0,0,0,0,1,0,0
5795440,2026-09-05,Aston Villa,Hull City,402046,Matteo Ruggeri,Sub,0,19,0,0,0,0,6.2,0.0,0.0,0,0,20,20,0,23,0,1,0,0,0,0,0,0
5795440,2026-09-05,Aston Villa,Hull City,317506,Tammy Abraham,Sub,0,9,0,0,0,0,6.1,0.0,0.0,0,0,2,1,0,4,1,0,0,0,0,0,0,0
5795441,2026-09-04,Ipswich Town,Liverpool,361867,Kjell Scherpen,GK,1,95,0,0,0,0,6.4,0.0,0.0,0,0,31,22,0,41,0,0,0,0,0,0,0,5
5795441,2026-09-04,Ipswich Town,Liverpool,362826,Dara O'Shea,DR,1,95,0,0,0,0,6.6,0.0,0.0,0,0,31,20,0,57,4,1,2,0,0,7,0,0
5795441,2026-09-04,Ipswich Town,Liverpool,300359,Issa Diop,DC,1,95,0,0,0,0,6.7,0.0,0.0,0,0,54,47,1,68,2,1,1,0,0,8,0,0
5795441,2026-09-04,Ipswich Town,Liverpool,381161,Jacob Greaves,DC,1,95,0,0,0,0,6.2,0.0,0.05,0,0,52,46,1,61,1,0,1,0,0,6,0,0
5795441,2026-09-04,Ipswich Town,Liverpool,366211,Leif Davis,DL,1,95,0,0,0,0,6.3,0.04,0.1,1,0,34,24,2,57,2,0,0,0,0,3,0,0
5795441,2026-09-04,Ipswich Town,Liverpool,299684,Exequiel Palacios,DMC,1,77,0,0,0,0,6.8,0.0,0.02,0,0,46,41,2,60,5,2,0,0,1,0,0,0
5795441,2026-09-04,Ipswich Town,Liverpool,297395,Sasa Lukic,DMC,1,95,0,0,0,0,6.0,0.0,0.0,0,0,65,61,1,75,3,1,0,0,1,0,0,0
5795441,2026-09-04,Ipswich Town,Liverpool,430985,Abdul Fatawu,AMR,1,78,0,0,0,0,6.7,0.06,0.14,2,0,16,10,2,41,4,1,2,1,1,1,1,0
5795441,2026-09-04,Ipswich Town,Liverpool,417747,Julio Enciso,AMC,1,95,0,0,1,0,6.2,0.3,0.0,6,2,36,33,2,61,1,2,0,0,0,0,4,0
5795441,2026-09-04,Ipswich Town,Liverpool,377287,Daizen Maeda,AML,1,65,0,0,0,0,6.0,0.04,0.0,1,1,7,6,0,16,5,0,0,0,1,2,1,0
5795441,2026-09-04,Ipswich Town,Liverpool,429556,Emersonn,FW,1,65,0,0,0,0,6.1,0.1,0.0,1,0,4,4,0,16,2,0,1,0,0,1,0,0
5795441,2026-09-04,Ipswich Town,Liverpool,433937,Abdoul Ouattara,Sub,0,18,0,0,0,0,6.1,0.0,0.01,0,0,24,24,1,25,1,0,0,0,0,0,0,0
5795441,2026-09-04,Ipswich Town,Liverpool,361694,Zian Flemming,Sub,0,30,0,0,0,0,6.2,0.02,0.0,1,1,5,2,0,8,0,0,0,1,1,0,0,0
5795441,2026-09-04,Ipswich Town,Liverpool,429531,Kasey McAteer,Sub,0,17,0,0,0,0,6.2,0.04,0.0,1,1,3,3,0,4,0,0,0,0,0,0,0,0
5795441,2026-09-04,Ipswich Town,Liverpool,363516,Jack Clarke,Sub,0,30,0,0,0,0,6.1,0.05,0.01,1,0,20,14,1,24,1,1,0,0,1,0,1,0
5795441,2026-09-04,Liverpool,Ipswich Town,114147,Alisson Becker,GK,1,95,0,0,0,0,7.6,0.0,0.0,0,0,36,27,0,55,0,0,0,0,0,2,0,5
5795441,2026-09-04,Liverpool,Ipswich Town,384711,Ronald Araujo,DR,1,95,0,0,0,0,7.7,0.0,0.0,0,0,37,31,0,63,1,0,6,2,0,9,1,0
5795441,2026-09-04,Liverpool,Ipswich Town,468827,Jeremy Jacquet,DC,1,95,0,0,1,0,7.2,0.0,0.04,0,0,69,67,1,85,4,1,1,0,2,4,1,0
5795441,2026-09-04,Liverpool,Ipswich Town,95408,Virgil van Dijk,DC,1,95,0,0,0,0,7.4,0.0,0.01,0,0,93,85,0,100,3,1,2,0,0,3,0,0
5795441,2026-09-04,Liverpool,Ipswich Town,424273,Milos Kerkez,DL,1,95,0,0,1,0,6.8,0.0,0.02,0,0,34,29,0,55,2,0,1,0,2,3,1,0
5795441,2026-09-04,Liverpool,Ipswich Town,345319,Alexis Mac Allister,DMC,1,83,0,0,1,0,7.0,0.07,0.01,2,1,42,37,1,58,3,1,0,0,1,1,1,0
5795441,2026-09-04,Liverpool,Ipswich Town,369875,Dominik Szoboszlai,DMC,1,95,0,0,0,0,7.3,0.13,0.07,3,3,64,58,2,79,0,1,2,0,1,1,0,0
5795441,2026-09-04,Liverpool,Ipswich Town,548106,Victor Munoz,AMR,1,63,0,0,0,0,6.6,0.0,0.01,0,0,26,23,0,40,0,0,0,2,1,0,2,0
5795441,2026-09-04,Liverpool,Ipswich Town,394786,Florian Wirtz,AMC,1,90,0,0,0,0,7.0,0.11,0.03,2,1,49,40,2,75,0,0,2,3,5,0,2,0
5795441,2026-09-04,Liverpool,Ipswich Town,352825,Cody Gakpo,AML,1,95,0,2,0,0,8.6,0.08,0.43,1,0,37,34,3,58,4,1,0,3,0,1,2,0
5795441,2026-09-04,Liverpool,Ipswich Town,299254,Alexander Isak,FW,1,63,2,0,0,0,8.4,0.12,0.06,2,2,19,18,0,29,0,0,0,2,0,1,1,0
5795441,2026-09-04,Liverpool,Ipswich Town,425366,Bradley Barcola,Sub,0,32,0,0,0,0,6.3,0.0,0.13,0,0,7,5,1,13,0,0,0,1,0,0,0,0
5795441,2026-09-04,Liverpool,Ipswich Town,363884,Ryan Gravenberch,Sub,0,32,0,0,0,0,6.1,0.0,0.0,0,0,13,12,0,17,0,0,1,0,1,1,0,0
5795441,2026-09-04,Liverpool,Ipswich Town,509423,Trey Nyoni,Sub,0,12,0,0,0,0,6.0,0.0,0.0,0,0,5,5,0,5,0,0,0,0,0,0,0,0
5795441,2026-09-04,Liverpool,Ipswich Town,492374,Lewis Koumas,Sub,0,5,0,0,0,0,6.0,0.0,0.0,0,0,0,0,0,0,0,0,0,0,0,0,0,0
5795442,2026-09-05,Manchester City,Coventry City,262515,Gianluigi Donnarumma,GK,1,95,0,0,0,0,7.7,0.0,0.0,0,0,17,15,0,23,0,0,2,0,0,1,0,3
5795442,2026-09-05,Manchester City,Coventry City,493206,Abdukodir Khusanov,DR,1,95,0,0,1,0,6.9,0.0,0.0,0,0,84,79,0,97,3,1,2,0,2,3,0,0
5795442,2026-09-05,Manchester City,Coventry City,313171,Ruben Dias,DC,1,95,0,0,0,0,7.2,0.0,0.0,0,0,123,116,0,128,0,0,5,1,1,3,0,0
5795442,2026-09-05,Manchester City,Coventry City,374631,Marc Guehi,DC,1,95,0,0,0,0,7.6,0.0,0.0,0,0,123,113,0,137,1,1,5,1,0,8,0,0
5795442,2026-09-05,Manchester City,Coventry City,402664,Josko Gvardiol,DL,1,95,0,0,0,0,7.2,0.02,0.02,1,0,48,41,0,74,5,1,2,0,1,2,0,0
5795442,2026-09-05,Manchester City,Coventry City,369430,Enzo Fernandez,DMC,1,75,0,0,0,0,6.8,0.13,0.08,2,0,78,71,1,94,2,0,1,1,0,1,0,0
5795442,2026-09-05,Manchester City,Coventry City,402596,Elliot Anderson,DMC,1,95,0,0,0,0,7.6,0.02,0.06,1,0,158,146,1,178,1,2,1,2,0,2,0,0
5795442,2026-09-05,Manchester City,Coventry City,357073,Antoine Semenyo,AMR,1,95,0,1,0,0,6.9,0.06,0.37,2,0,33,30,3,53,1,0,0,0,1,0,2,0
5795442,2026-09-05,Manchester City,Coventry City,386153,Rayan Cherki,AMC,1,65,0,0,0,0,7.5,0.2,0.22,3,0,77,71,3,95,0,0,0,2,0,0,2,0
5795442,2026-09-05,Manchester City,Coventry City,366116,Iliman Ndiaye,AML,1,86,0,0,0,0,6.5,0.02,0.02,1,0,27,25,1,51,2,0,1,2,0,1,2,0
5795442,2026-09-05,Manchester City,Coventry City,315227,Erling Haaland,FW,1,95,1,0,0,0,7.9,0.81,0.38,4,3,13,11,1,29,1,0,2,1,1,5,0,0
5795442,2026-09-05,Manchester City,Coventry City,504830,Ayyoub Bouaddi,Sub,0,20,0,0,0,0,6.4,0.0,0.0,0,0,18,14,0,22,0,0,0,1,0,0,0,0
5795442,2026-09-05,Manchester City,Coventry City,331254,Phil Foden,Sub,0,30,0,0,0,0,6.1,0.52,0.01,1,1,18,17,1,25,0,0,0,0,1,0,1,0
5795442,2026-09-05,Manchester City,Coventry City,584927,Ryan McAidoo,Sub,0,9,0,0,0,0,6.4,0.0,0.0,0,0,2,2,0,9,2,0,0,1,0,0,0,0
5795442,2026-09-05,Coventry City,Manchester City,421944,Carl Rushworth,GK,1,95,0,0,0,0,7.0,0.0,0.0,0,0,28,9,0,43,0,0,1,1,0,1,0,2
5795442,2026-09-05,Coventry City,Manchester City,342499,Ethan Pinnock,DC,1,95,0,0,1,0,6.5,0.04,0.0,1,0,12,9,0,29,1,2,0,0,1,9,0,0
5795442,2026-09-05,Coventry City,Manchester City,450271,Aurele Amenda,DC,1,95,0,0,0,0,6.5,0.0,0.19,0,0,29,22,0,36,1,1,2,0,2,1,1,0
5795442,2026-09-05,Coventry City,Manchester City,395615,Bobby Thomas,DC,1,95,0,0,0,0,8.3,0.12,0.17,5,0,21,11,2,41,2,4,5,0,0,6,0,0
5795442,2026-09-05,Coventry City,Manchester City,379760,Milan van Ewijk,DMR,1,95,0,0,1,0,6.8,0.0,0.06,0,0,22,19,0,47,5,4,2,0,2,4,0,0
5795442,2026-09-05,Coventry City,Manchester City,318767,Jay Dasilva,DML,1,84,0,0,0,0,6.7,0.0,0.07,0,0,15,10,1,27,3,1,1,0,0,2,0,0
5795442,2026-09-05,Coventry City,Manchester City,404109,Frank Onyeka,MC,1,62,0,0,0,0,6.0,0.0,0.0,0,0,17,11,0,19,1,0,1,0,1,0,0,0
5795442,2026-09-05,Coventry City,Manchester City,138584,Matt Grimes,MC,1,95,0,0,0,0,6.5,0.04,0.0,1,0,24,17,0,37,7,1,0,0,2,0,0,0
5795442,2026-09-05,Coventry City,Manchester City,342899,Ephron Mason-Clark,AMC,1,70,0,0,0,0,5.9,0.0,0.0,0,0,8,6,0,18,0,0,1,0,3,2,1,0
5795442,2026-09-05,Coventry City,Manchester City,381107,Jack Rudoni,AMC,1,62,0,0,0,0,6.4,0.26,0.1,1,1,10,5,2,23,4,1,1,0,2,0,0,0
5795442,2026-09-05,Coventry City,Manchester City,281049,Taiwo Awoniyi,FW,1,70,0,0,0,0,6.2,0.37,0.0,1,0,9,7,1,22,1,1,0,2,1,1,0,0
5795442,2026-09-05,Coventry City,Manchester City,425118,Loum Tchaouna,Sub,0,33,0,0,0,0,6.5,0.09,0.03,2,1,7,6,2,17,0,0,0,1,0,0,0,0
5795442,2026-09-05,Coventry City,Manchester City,561984,Caleb Yirenkyi,Sub,0,33,0,0,0,0,6.1,0.0,0.0,0,0,12,5,0,19,1,2,1,0,1,0,0,0
5795442,2026-09-05,Coventry City,Manchester City,332143,Gustavo Hamer,Sub,0,11,0,0,0,0,6.1,0.0,0.0,0,0,1,1,0,3,1,0,0,0,2,0,0,0
5795442,2026-09-05,Coventry City,Manchester City,331235,Brandon Thomas-Asante,Sub,0,25,0,0,0,0,6.2,0.0,0.0,0,0,4,2,0,9,1,1,0,1,0,0,0,0
5795442,2026-09-05,Coventry City,Manchester City,396483,Ellis Simms,Sub,0,25,0,0,0,0,6.1,0.29,0.0,1,1,1,0,1,4,0,0,1,0,0,0,0,0
5795443,2026-09-05,Newcastle United,AFC Bournemouth,415682,Lukas Hornicek,GK,1,96,0,0,0,0,6.5,0.0,0.0,0,0,37,24,0,48,0,0,0,1,0,0,0,4
5795443,2026-09-05,Newcastle United,AFC Bournemouth,418203,Amar Dedic,DR,1,96,0,0,0,0,6.2,0.09,0.01,2,0,41,33,0,67,0,1,1,3,3,0,0,0
5795443,2026-09-05,Newcastle United,AFC Bournemouth,393355,Malick Thiaw,DC,1,96,0,0,0,0,6.3,0.0,0.06,0,0,65,57,1,72,0,0,5,2,1,3,0,0
5795443,2026-09-05,Newcastle United,AFC Bournemouth,379732,Sven Botman,DC,1,96,0,0,0,0,6.1,0.0,0.19,0,0,71,60,0,84,1,1,6,0,0,4,0,0
5795443,2026-09-05,Newcastle United,AFC Bournemouth,430294,Lewis Hall,DL,1,89,0,0,0,0,7.0,0.05,0.0,1,0,47,41,1,73,3,2,3,1,0,3,2,0
5795443,2026-09-05,Newcastle United,AFC Bournemouth,422939,Nico Gonzalez,DMC,1,76,0,0,0,0,6.2,0.0,0.0,0,0,51,43,1,61,3,0,1,1,6,0,0,0
5795443,2026-09-05,Newcastle United,AFC Bournemouth,474264,Lewis Miley,DMC,1,62,0,0,0,0,5.9,0.0,0.01,0,0,34,28,0,38,2,0,0,1,1,1,0,0
5795443,2026-09-05,Newcastle United,AFC Bournemouth,413211,Anthony Elanga,AMR,1,76,0,0,1,0,6.2,0.0,0.21,0,0,13,8,3,25,3,0,1,0,1,1,0,0
5795443,2026-09-05,Newcastle United,AFC Bournemouth,342563,Joe Willock,AMC,1,62,0,0,0,0,6.1,0.45,0.0,2,0,19,17,0,36,1,0,0,1,0,0,3,0
5795443,2026-09-05,Newcastle United,AFC Bournemouth,331382,Harvey Barnes,AML,1,96,1,0,0,0,7.2,0.09,0.02,2,1,19,16,0,40,0,2,0,0,2,0,0,0
5795443,2026-09-05,Newcastle United,AFC Bournemouth,296240,Yoane Wissa,FW,1,96,0,0,1,0,6.3,0.0,0.02,0,0,22,17,0,34,0,0,2,2,2,0,0,0
5795443,2026-09-05,Newcastle United,AFC Bournemouth,552573,Sean Steur,Sub,0,20,0,0,0,0,6.1,0.0,0.0,0,0,11,10,0,12,1,0,0,0,0,1,0,0
5795443,2026-09-05,Newcastle United,AFC Bournemouth,475462,Matias Fernandez-Pardo,Sub,0,34,0,0,0,0,6.2,0.0,0.0,0,0,6,4,0,14,0,0,0,1,1,0,0,0
5795443,2026-09-05,Newcastle United,AFC Bournemouth,141486,Jacob Murphy,Sub,0,20,0,0,0,0,6.2,0.0,0.0,0,0,3,2,0,7,0,0,0,0,0,0,0,0
5795443,2026-09-05,Newcastle United,AFC Bournemouth,415174,Tino Livramento,Sub,0,7,0,0,0,0,6.0,0.0,0.0,0,0,3,3,0,5,0,0,0,0,0,0,0,0
5795443,2026-09-05,Newcastle United,AFC Bournemouth,369813,Jacob Ramsey,Sub,0,34,1,0,0,0,7.1,0.07,0.01,1,1,17,14,0,19,0,0,1,0,2,0,0,0
5795443,2026-09-05,AFC Bournemouth,Newcastle United,406564,Djordje Petrovic,GK,1,96,0,0,0,0,6.0,0.0,0.0,0,0,30,20,0,35,0,0,1,0,0,1,0,0
5795443,2026-09-05,AFC Bournemouth,Newcastle United,69877,Adam Smith,DR,1,96,0,0,1,0,6.4,0.02,0.06,1,0,20,15,2,39,1,1,0,0,2,2,0,0
5795443,2026-09-05,AFC Bournemouth,Newcastle United,443613,Antonio Silva,DC,1,96,0,0,0,0,7.1,0.01,0.0,1,1,44,37,0,58,1,0,8,0,1,6,0,0
5795443,2026-09-05,AFC Bournemouth,Newcastle United,362837,James Hill,DC,1,96,0,0,0,0,6.4,0.0,0.02,0,0,47,33,3,58,1,1,1,0,1,5,0,0
5795443,2026-09-05,AFC Bournemouth,Newcastle United,398301,Adrien Truffert,DL,1,96,0,0,1,0,6.4,0.03,0.07,1,0,29,25,1,55,5,2,0,1,3,1,2,0
5795443,2026-09-05,AFC Bournemouth,Newcastle United,315275,Tyler Adams,DMC,1,75,0,0,0,0,6.6,0.0,0.0,0,0,41,33,1,53,4,0,1,0,3,0,0,0
5795443,2026-09-05,AFC Bournemouth,Newcastle United,410998,Alex Scott,DMC,1,95,0,0,0,0,6.9,0.09,0.0,2,0,42,32,2,61,4,3,1,2,1,2,0,0
5795443,2026-09-05,AFC Bournemouth,Newcastle United,472122,Rayan,AMR,1,88,0,0,0,0,6.7,0.03,0.01,1,0,13,6,0,24,3,0,4,2,1,1,0,0
5795443,2026-09-05,AFC Bournemouth,Newcastle United,331579,Justin Kluivert,AMC,1,75,0,0,1,0,6.6,0.06,0.01,2,0,9,7,0,20,2,0,0,1,3,0,1,0
5795443,2026-09-05,AFC Bournemouth,Newcastle United,344314,Marcus Tavernier,AML,1,88,1,0,0,0,8.0,0.7,0.05,5,4,30,26,1,47,2,0,1,2,0,0,0,0
5795443,2026-09-05,AFC Bournemouth,Newcastle United,384430,Evanilson,FW,1,96,0,0,0,0,6.6,0.4,0.01,3,0,21,16,0,38,1,0,5,1,0,4,1,0
5795443,2026-09-05,AFC Bournemouth,Newcastle United,415163,Daniel Jebbison,Sub,0,8,0,0,0,0,6.0,0.0,0.0,0,0,0,0,0,2,0,0,0,0,0,0,0,0
5795443,2026-09-05,AFC Bournemouth,Newcastle United,136456,Lewis Cook,Sub,0,21,0,0,0,0,6.0,0.0,0.0,0,0,4,3,0,5,0,1,0,0,1,0,0,0
5795443,2026-09-05,AFC Bournemouth,Newcastle United,430350,Ben Gannon-Doak,Sub,0,8,0,0,0,0,6.1,0.04,0.0,1,0,3,3,0,5,1,0,0,0,0,0,0,0
5795443,2026-09-05,AFC Bournemouth,Newcastle United,128882,Ryan Christie,Sub,0,1,0,0,0,0,6.0,0.0,0.0,0,0,1,0,0,1,0,0,0,0,0,0,0,0
5795443,2026-09-05,AFC Bournemouth,Newcastle United,295084,David Brooks,Sub,0,21,0,0,0,0,5.9,0.0,0.0,0,0,1,0,0,3,0,0,0,0,1,0,0,0
5795444,2026-09-05,Nottingham Forest,Tottenham Hotspur,78386,Matz Sels,GK,1,95,0,0,0,0,6.4,0.0,0.0,0,0,27,14,0,32,0,0,0,0,0,1,0,0
5795444,2026-09-05,Nottingham Forest,Tottenham Hotspur,445424,Murillo,DC,1,89,0,0,0,0,7.2,0.18,0.0,2,0,49,38,0,66,6,1,1,1,3,4,1,0
5795444,2026-09-05,Nottingham Forest,Tottenham Hotspur,443545,Jair Cunha,DC,1,95,0,0,0,0,7.3,0.03,0.0,1,0,32,26,0,49,2,2,2,0,1,8,0,0
5795444,2026-09-05,Nottingham Forest,Tottenham Hotspur,319785,Nikola Milenkovic,DC,1,95,0,0,1,0,7.2,0.0,0.0,0,0,42,38,0,55,3,0,2,0,1,6,0,0
5795444,2026-09-05,Nottingham Forest,Tottenham Hotspur,315543,Ola Aina,DMR,1,58,0,0,0,0,6.8,0.0,0.0,0,0,17,10,0,37,8,1,1,0,1,1,1,0
5795444,2026-09-05,Nottingham Forest,Tottenham Hotspur,386969,Neco Williams,DML,1,95,0,0,0,0,6.7,0.0,0.06,0,0,30,21,1,56,5,0,0,0,4,3,1,0
5795444,2026-09-05,Nottingham Forest,Tottenham Hotspur,262856,Xaver Schlager,MC,1,95,0,0,0,0,6.7,0.04,0.06,1,0,32,29,0,47,9,2,1,0,1,1,2,0
5795444,2026-09-05,Nottingham Forest,Tottenham Hotspur,425576,James McAtee,MC,1,95,0,0,1,0,7.5,0.07,0.21,3,1,30,25,5,51,3,0,1,1,4,0,1,0
5795444,2026-09-05,Nottingham Forest,Tottenham Hotspur,398414,Dan Ndoye,AMC,1,58,0,0,0,0,6.2,0.0,0.0,0,0,5,3,0,19,3,0,1,1,2,0,1,0
5795444,2026-09-05,Nottingham Forest,Tottenham Hotspur,332867,Morgan Gibbs-White,AMC,1,95,0,0,0,0,6.1,0.48,0.0,4,1,22,18,0,41,2,0,0,0,1,0,0,0
5795444,2026-09-05,Nottingham Forest,Tottenham Hotspur,401254,Liam Delap,FW,1,73,0,0,0,0,6.4,0.05,0.06,1,0,9,6,2,21,1,0,4,0,2,2,1,0
5795444,2026-09-05,Nottingham Forest,Tottenham Hotspur,397497,Igor Jesus,Sub,0,37,0,0,0,0,6.1,0.0,0.0,0,0,6,5,0,11,1,0,1,0,1,0,2,0
5795444,2026-09-05,Nottingham Forest,Tottenham Hotspur,400496,Daniel Munoz,Sub,0,37,0,0,0,0,6.2,0.0,0.0,0,0,6,5,0,15,1,0,0,0,1,0,0,0
5795444,2026-09-05,Nottingham Forest,Tottenham Hotspur,73380,Chris Wood,Sub,0,22,0,0,0,0,6.1,0.0,0.0,0,0,3,1,0,3,0,0,2,0,0,0,0,0
5795444,2026-09-05,Nottingham Forest,Tottenham Hotspur,443663,Ousmane Diomande,Sub,0,6,0,0,0,0,6.0,0.0,0.0,0,0,1,0,0,2,0,0,0,0,0,0,0,0
5795444,2026-09-05,Tottenham Hotspur,Nottingham Forest,457006,Antonin Kinsky,GK,1,95,0,0,0,0,6.8,0.0,0.0,0,0,34,18,1,44,0,0,0,0,0,2,0,1
5795444,2026-09-05,Tottenham Hotspur,Nottingham Forest,362352,Pedro Porro,DR,1,95,0,0,0,0,6.9,0.03,0.03,2,0,61,43,2,89,2,1,0,1,0,2,0,0
5795444,2026-09-05,Tottenham Hotspur,Nottingham Forest,425229,Micky van de Ven,DC,1,95,0,0,0,0,7.3,0.65,0.0,2,0,67,64,0,80,3,0,4,0,0,6,1,0
5795444,2026-09-05,Tottenham Hotspur,Nottingham Forest,365402,Jan Paul van Hecke,DC,1,95,0,0,0,0,7.0,0.06,0.01,2,0,73,69,1,84,1,0,2,0,1,2,0,0
5795444,2026-09-05,Tottenham Hotspur,Nottingham Forest,401044,Destiny Udogie,DL,1,60,0,0,1,0,6.5,0.0,0.01,0,0,27,24,0,49,0,1,3,0,2,2,2,0
5795444,2026-09-05,Tottenham Hotspur,Nottingham Forest,343501,Sandro Tonali,DMC,1,95,0,0,0,0,7.5,0.0,0.0,0,0,41,35,0,62,5,1,1,1,0,1,3,0
5795444,2026-09-05,Tottenham Hotspur,Nottingham Forest,303657,Rodrigo Bentancur,DMC,1,95,0,0,0,0,7.5,0.01,0.0,1,0,36,29,0,51,1,2,4,1,2,9,0,0
5795444,2026-09-05,Tottenham Hotspur,Nottingham Forest,397821,Savio,AMR,1,60,0,0,0,0,6.9,0.04,0.25,1,0,19,15,1,43,0,0,0,5,1,0,1,0
5795444,2026-09-05,Tottenham Hotspur,Nottingham Forest,375621,Conor Gallagher,AMC,1,83,0,0,0,0,6.8,0.0,0.07,0,0,32,30,0,49,4,1,1,0,0,0,1,0
5795444,2026-09-05,Tottenham Hotspur,Nottingham Forest,422885,Mathys Tel,AML,1,73,0,0,0,0,6.5,0.0,0.03,0,0,17,15,1,42,1,0,0,3,2,0,1,0
5795444,2026-09-05,Tottenham Hotspur,Nottingham Forest,394749,Omar Marmoush,FW,1,83,0,0,0,0,6.3,0.16,0.0,2,0,12,11,0,27,0,0,0,3,3,0,2,0
5795444,2026-09-05,Tottenham Hotspur,Nottingham Forest,400166,Mohammed Kudus,Sub,0,35,0,0,0,0,6.6,0.0,0.11,0,0,8,8,1,21,0,0,0,2,1,0,1,0
5795444,2026-09-05,Tottenham Hotspur,Nottingham Forest,447231,Mateus Fernandes,Sub,0,12,0,0,1,0,5.9,0.0,0.0,0,0,3,3,0,3,0,0,0,0,1,0,0,0
5795444,2026-09-05,Tottenham Hotspur,Nottingham Forest,409376,Mykhailo Mudryk,Sub,0,22,0,0,0,0,6.0,0.0,0.0,0,0,2,1,0,5,0,0,0,0,1,0,0,0
5795444,2026-09-05,Tottenham Hotspur,Nottingham Forest,136459,Dominic Solanke,Sub,0,12,0,0,0,0,5.9,0.3,0.0,1,0,1,1,0,5,0,0,0,0,0,1,0,0
5795444,2026-09-05,Tottenham Hotspur,Nottingham Forest,115726,Andy Robertson,Sub,0,35,0,0,0,0,6.1,0.0,0.0,0,0,23,16,0,32,0,0,0,0,0,0,0,0
5795445,2026-09-12,AFC Bournemouth,Brentford,406564,Djordje Petrovic,GK,1,95,0,0,0,0,4.6,0.0,0.0,0,0,36,26,0,42,0,0,0,0,0,0,0,0
5795445,2026-09-12,AFC Bournemouth,Brentford,69877,Adam Smith,DR,1,95,0,0,1,0,6.5,0.0,0.01,0,0,39,30,0,66,1,0,4,1,2,5,0,0
5795445,2026-09-12,AFC Bournemouth,Brentford,443613,Antonio Silva,DC,1,95,0,0,0,0,6.8,0.7,0.15,2,0,63,56,0,81,1,4,5,0,0,6,0,0
5795445,2026-09-12,AFC Bournemouth,Brentford,362837,James Hill,DC,1,95,0,0,1,0,6.9,0.0,0.0,0,0,62,47,1,83,1,2,5,0,1,8,0,0
5795445,2026-09-12,AFC Bournemouth,Brentford,398301,Adrien Truffert,DL,1,95,0,0,0,0,8.0,0.08,0.11,2,2,48,42,1,88,11,3,1,1,1,5,0,0
5795445,2026-09-12,AFC Bournemouth,Brentford,315275,Tyler Adams,DMC,1,81,0,0,0,0,6.5,0.03,0.01,1,1,59,55,0,76,4,3,0,0,0,0,0,0
5795445,2026-09-12,AFC Bournemouth,Brentford,410998,Alex Scott,DMC,1,95,0,0,0,0,6.8,0.3,0.04,1,0,56,50,4,82,3,3,1,0,0,3,2,0
5795445,2026-09-12,AFC Bournemouth,Brentford,472122,Rayan,AMR,1,81,0,0,0,0,6.6,0.64,0.02,5,1,23,13,1,42,1,0,4,0,0,2,1,0
5795445,2026-09-12,AFC Bournemouth,Brentford,331579,Justin Kluivert,AMC,1,65,1,0,0,0,7.5,0.17,0.0,3,3,26,21,0,35,1,1,1,0,0,0,0,0
5795445,2026-09-12,AFC Bournemouth,Brentford,344314,Marcus Tavernier,AML,1,82,1,0,1,0,8.1,0.18,0.6,4,3,32,27,4,53,1,0,0,0,2,2,3,0
5795445,2026-09-12,AFC Bournemouth,Brentford,384430,Evanilson,FW,1,90,0,1,0,0,7.3,0.0,0.18,0,0,21,12,3,38,0,1,2,1,2,0,1,0
5795445,2026-09-12,AFC Bournemouth,Brentford,136456,Lewis Cook,Sub,0,14,0,0,1,0,6.0,0.0,0.0,0,0,4,4,0,6,0,1,0,0,1,1,0,0
5795445,2026-09-12,AFC Bournemouth,Brentford,128882,Ryan Christie,Sub,0,30,0,0,0,0,6.5,0.0,0.07,0,0,15,13,1,24,1,3,0,1,0,0,3,0
5795445,2026-09-12,AFC Bournemouth,Brentford,430350,Ben Gannon-Doak,Sub,0,14,0,0,0,0,6.3,0.12,0.05,2,0,8,7,0,14,1,0,0,1,0,0,0,0
5795445,2026-09-12,AFC Bournemouth,Brentford,295084,David Brooks,Sub,0,13,0,0,1,0,6.0,0.0,0.0,0,0,2,2,0,8,0,0,0,0,1,1,0,0
5795445,2026-09-12,AFC Bournemouth,Brentford,460772,Alvaro Rodriguez,Sub,0,5,0,0,0,0,6.0,0.0,0.0,0,0,3,3,0,4,0,0,0,0,0,0,0,0
5795445,2026-09-12,Brentford,AFC Bournemouth,322176,Caoimhin Kelleher,GK,1,95,0,0,0,0,7.2,0.0,0.0,0,0,37,19,0,51,0,0,0,0,0,1,0,8
5795445,2026-09-12,Brentford,AFC Bournemouth,402367,Aaron Hickey,DR,1,70,0,0,0,0,6.4,0.04,0.0,1,0,22,19,0,46,2,0,1,2,1,5,0,0
5795445,2026-09-12,Brentford,AFC Bournemouth,533784,Jannik Schuster,DC,1,95,0,0,0,0,6.8,0.0,0.01,0,0,34,25,0,51,2,0,2,0,2,9,0,0
5795445,2026-09-12,Brentford,AFC Bournemouth,321085,Kristoffer Ajer,DC,1,95,0,0,0,0,6.5,0.04,0.0,1,0,37,26,0,50,2,1,4,0,1,6,0,0
5795445,2026-09-12,Brentford,AFC Bournemouth,368512,Keane Lewis-Potter,DL,1,59,0,0,0,0,6.0,0.03,0.12,1,0,22,15,0,37,1,0,1,0,2,1,0,0
5795445,2026-09-12,Brentford,AFC Bournemouth,298689,Vitaly Janelt,DMC,1,95,0,0,0,0,7.5,0.0,0.03,0,0,44,31,1,68,4,6,2,1,1,4,0,0
5795445,2026-09-12,Brentford,AFC Bournemouth,442971,Mamadou Sangare,DMC,1,95,0,0,0,0,7.2,0.0,0.22,0,0,43,36,0,64,6,0,2,3,2,1,2,0
5795445,2026-09-12,Brentford,AFC Bournemouth,400610,Jaidon Anthony,AMR,1,59,0,0,0,0,6.9,0.0,0.09,0,0,10,8,1,32,3,0,0,2,1,5,4,0
5795445,2026-09-12,Brentford,AFC Bournemouth,444304,Yehor Yarmoliuk,AMC,1,59,0,1,0,0,7.0,0.0,0.12,0,0,29,17,1,36,0,1,0,1,0,1,0,0
5795445,2026-09-12,Brentford,AFC Bournemouth,407260,Kevin Schade,AML,1,95,2,0,0,0,8.0,0.41,0.09,2,2,23,16,0,46,2,0,5,0,0,0,1,0
5795445,2026-09-12,Brentford,AFC Bournemouth,443784,Igor Thiago,FW,1,95,0,0,1,0,6.1,0.06,0.02,1,0,22,16,1,34,0,0,2,0,2,0,0,0
5795445,2026-09-12,Brentford,AFC Bournemouth,422183,Dango Ouattara,Sub,0,36,0,0,0,0,6.1,0.03,0.0,1,0,14,10,0,22,0,0,2,0,1,1,0,0
5795445,2026-09-12,Brentford,AFC Bournemouth,401168,Mikkel Damsgaard,Sub,0,36,0,0,0,0,6.2,0.06,0.0,1,0,13,7,0,23,0,1,2,0,0,0,1,0
5795445,2026-09-12,Brentford,AFC Bournemouth,470031,Michael Kayode,Sub,0,25,0,0,0,0,6.3,0.0,0.12,0,0,10,7,1,16,2,1,1,0,0,0,0,0
5795445,2026-09-12,Brentford,AFC Bournemouth,479288,El Hadji Malick Diouf,Sub,0,36,0,0,0,0,6.2,0.0,0.0,0,0,15,11,0,21,0,0,2,0,0,1,0,0
5795446,2026-09-12,Aston Villa,Nottingham Forest,447570,Zion Suzuki,GK,1,96,0,0,0,0,6.8,0.0,0.03,0,0,46,27,0,59,0,0,1,0,0,2,0,5
5795446,2026-09-12,Aston Villa,Nottingham Forest,331924,Aaron Wan-Bissaka,DR,1,96,0,0,0,0,7.0,0.0,0.05,0,0,48,41,1,75,6,3,0,1,0,4,0,0
5795446,2026-09-12,Aston Villa,Nottingham Forest,344259,Pau Torres,DC,1,24,0,0,0,0,6.5,0.0,0.0,0,0,26,23,0,27,0,0,1,0,0,0,0,0
5795446,2026-09-12,Aston Villa,Nottingham Forest,100008,Victor Lindelof,DC,1,96,0,0,0,0,5.9,0.61,0.0,1,1,66,62,0,72,0,0,0,0,1,1,0,0
5795446,2026-09-12,Aston Villa,Nottingham Forest,384134,Ian Maatsen,DL,1,96,0,0,0,0,6.2,0.12,0.02,2,1,35,29,0,63,1,2,0,0,0,1,0,0
5795446,2026-09-12,Aston Villa,Nottingham Forest,331790,Boubacar Kamara,DMC,1,96,0,0,0,0,6.3,0.0,0.08,0,0,36,29,1,50,3,0,1,0,1,1,1,0
5795446,2026-09-12,Aston Villa,Nottingham Forest,92547,Ross Barkley,DMC,1,62,0,0,0,0,6.0,0.03,0.0,1,1,32,30,0,46,5,0,0,0,3,0,3,0
5795446,2026-09-12,Aston Villa,Nottingham Forest,318449,John McGinn,AMR,1,96,0,1,0,0,6.8,0.0,0.1,0,0,21,19,2,42,1,1,0,0,0,1,1,0
5795446,2026-09-12,Aston Villa,Nottingham Forest,260592,Emiliano Buendia,AMC,1,62,0,0,0,0,5.7,0.0,0.0,0,0,20,15,0,32,1,0,0,1,1,0,1,0
5795446,2026-09-12,Aston Villa,Nottingham Forest,576066,George Hemmings,AML,1,45,0,0,0,0,6.0,0.0,0.01,0,0,7,7,1,14,0,0,1,0,1,1,0,0
5795446,2026-09-12,Aston Villa,Nottingham Forest,426050,Nicolas Jackson,FW,1,45,0,0,1,0,5.9,0.0,0.07,0,0,6,4,0,12,0,0,0,1,1,0,1,0
5795446,2026-09-12,Aston Villa,Nottingham Forest,520919,Alysson,Sub,0,51,1,0,0,0,6.9,0.2,0.0,1,1,13,9,0,22,0,0,1,1,1,1,1,0
5795446,2026-09-12,Aston Villa,Nottingham Forest,535536,Ibrahim Mbaye,Sub,0,34,0,0,0,0,6.4,0.02,0.17,1,1,10,8,1,16,1,0,0,0,1,0,0,0
5795446,2026-09-12,Aston Villa,Nottingham Forest,532577,Johan Manzambi,Sub,0,34,0,0,0,0,6.1,0.0,0.01,0,0,10,8,0,15,1,0,0,0,0,0,0,0
5795446,2026-09-12,Aston Villa,Nottingham Forest,317506,Tammy Abraham,Sub,0,51,0,0,0,0,5.9,0.0,0.0,0,0,10,5,0,14,0,0,0,1,0,0,0,0
5795446,2026-09-12,Aston Villa,Nottingham Forest,123167,Tyrone Mings,Sub,0,72,0,0,1,0,6.7,0.05,0.0,1,0,35,30,0,43,1,1,4,1,1,1,0,0
5795446,2026-09-12,Nottingham Forest,Aston Villa,78386,Matz Sels,GK,1,96,0,0,0,0,7.7,0.0,0.0,0,0,21,15,0,34,0,0,1,0,0,2,0,5
5795446,2026-09-12,Nottingham Forest,Aston Villa,445424,Murillo,DC,1,96,0,0,1,0,7.3,0.0,0.0,0,0,43,37,1,64,2,2,1,1,5,8,0,0
5795446,2026-09-12,Nottingham Forest,Aston Villa,315543,Ola Aina,DC,1,96,0,0,0,0,6.7,0.0,0.0,0,0,40,36,0,53,3,1,1,0,1,4,0,0
5795446,2026-09-12,Nottingham Forest,Aston Villa,443663,Ousmane Diomande,DC,1,96,0,0,0,0,7.0,0.17,0.0,1,0,33,32,0,52,2,1,4,0,0,11,0,0
5795446,2026-09-12,Nottingham Forest,Aston Villa,400496,Daniel Munoz,DMR,1,96,0,0,0,0,7.7,0.2,0.17,1,1,37,34,4,63,4,0,3,0,0,3,0,0
5795446,2026-09-12,Nottingham Forest,Aston Villa,386969,Neco Williams,DML,1,96,0,0,0,0,6.7,0.12,0.07,2,0,21,17,1,44,1,0,1,0,0,2,1,0
5795446,2026-09-12,Nottingham Forest,Aston Villa,262856,Xaver Schlager,MC,1,96,0,0,1,0,7.3,0.2,0.01,1,1,42,36,1,57,6,3,0,1,2,0,0,0
5795446,2026-09-12,Nottingham Forest,Aston Villa,425576,James McAtee,MC,1,81,0,0,1,0,7.0,0.05,0.33,2,1,48,40,2,69,6,1,0,0,3,3,1,0
5795446,2026-09-12,Nottingham Forest,Aston Villa,398414,Dan Ndoye,AMC,1,74,0,0,1,0,6.0,0.65,0.19,5,1,9,7,1,20,0,0,0,0,3,0,1,0
5795446,2026-09-12,Nottingham Forest,Aston Villa,332867,Morgan Gibbs-White,AMC,1,96,0,1,0,0,8.2,0.12,0.7,2,1,37,32,7,55,2,0,1,0,1,0,2,0
5795446,2026-09-12,Nottingham Forest,Aston Villa,401254,Liam Delap,FW,1,90,1,0,1,0,7.4,0.55,0.12,6,1,12,8,1,34,1,0,1,1,1,1,1,0
5795446,2026-09-12,Nottingham Forest,Aston Villa,397497,Igor Jesus,Sub,0,22,1,0,0,0,7.0,0.43,0.01,1,1,9,9,1,12,0,0,0,0,0,0,1,0
5795446,2026-09-12,Nottingham Forest,Aston Villa,73380,Chris Wood,Sub,0,6,0,0,0,0,6.0,0.0,0.0,0,0,0,0,0,0,0,0,0,0,0,0,0,0
5795446,2026-09-12,Nottingham Forest,Aston Villa,328075,Ibrahim Sangare,Sub,0,15,0,0,0,0,6.2,0.01,0.0,1,0,8,6,0,13,2,0,0,0,0,1,0,0
5795447,2026-09-12,Chelsea,Hull City,102248,Emiliano Martinez,GK,1,96,0,0,0,0,6.1,0.0,0.0,0,0,15,14,0,31,0,0,0,0,0,0,0,3
5795447,2026-09-12,Chelsea,Hull City,403850,Malo Gusto,DR,1,77,0,0,0,0,6.4,0.04,0.06,1,0,54,46,1,73,1,2,0,0,0,3,0,0
5795447,2026-09-12,Chelsea,Hull City,373946,Wesley Fofana,DC,1,85,0,0,0,0,7.0,0.0,0.01,0,0,88,80,0,100,2,1,6,1,1,3,0,0
5795447,2026-09-12,Chelsea,Hull City,421351,Levi Colwill,DC,1,96,0,0,0,0,6.5,0.0,0.0,0,0,72,66,1,80,1,0,3,0,1,4,0,0
5795447,2026-09-12,Chelsea,Hull City,467715,Jorrel Hato,DL,1,45,0,0,0,0,5.4,0.0,0.11,0,0,18,14,0,25,1,1,1,1,0,0,0,0
5795447,2026-09-12,Chelsea,Hull City,425319,Romeo Lavia,DMC,1,68,0,0,0,0,6.4,0.0,0.07,0,0,46,38,0,56,1,3,0,1,1,0,1,0
5795447,2026-09-12,Chelsea,Hull City,361330,Reece James,DMC,1,96,0,0,0,0,6.7,0.1,0.07,3,2,86,81,0,111,2,0,0,0,0,2,1,0
5795447,2026-09-12,Chelsea,Hull City,337916,Pedro Neto,AMR,1,85,0,0,0,0,6.9,0.04,0.05,1,1,50,44,1,78,2,2,0,1,1,1,1,0
5795447,2026-09-12,Chelsea,Hull City,395692,Cole Palmer,AMC,1,96,0,1,0,0,6.9,0.1,0.23,3,0,35,28,3,52,0,0,0,1,0,0,1,0
5795447,2026-09-12,Chelsea,Hull City,362824,Morgan Rogers,AML,1,96,1,0,0,0,7.5,0.34,0.01,2,2,25,20,0,47,3,0,0,2,0,0,1,0
5795447,2026-09-12,Chelsea,Hull City,373525,Joao Pedro,FW,1,96,1,1,0,0,8.0,0.37,0.07,1,1,22,14,1,44,0,0,4,2,1,2,1,0
5795447,2026-09-12,Chelsea,Hull City,419341,Valentin Barco,Sub,0,28,0,0,1,0,6.1,0.0,0.03,0,0,31,28,0,39,0,1,1,0,1,0,2,0
5795447,2026-09-12,Chelsea,Hull City,401130,Maxence Lacroix,Sub,0,11,0,0,0,0,6.3,0.0,0.0,0,0,5,5,0,9,1,2,0,0,1,0,0,0
5795447,2026-09-12,Chelsea,Hull City,448468,Pep Chavarria,Sub,0,51,0,0,0,0,6.1,0.0,0.0,0,0,24,20,0,40,1,1,0,0,0,0,0,0
5795447,2026-09-12,Chelsea,Hull City,39308,Danny Welbeck,Sub,0,19,0,0,0,0,6.1,0.0,0.07,0,0,3,3,1,6,0,0,0,0,0,0,0,0
5795447,2026-09-12,Chelsea,Hull City,510728,Estevao,Sub,0,11,0,0,0,0,6.3,0.04,0.07,1,1,3,2,0,8,1,0,0,0,0,0,0,0
5795447,2026-09-12,Hull City,Chelsea,397331,Konstantinos Tzolakis,GK,1,96,0,0,0,0,6.5,0.0,0.0,0,0,39,12,0,58,0,0,1,0,0,2,0,5
5795447,2026-09-12,Hull City,Chelsea,301415,Lewie Coyle,DR,1,81,0,0,0,0,6.0,0.06,0.01,1,0,18,14,1,34,2,0,0,0,0,2,1,0
5795447,2026-09-12,Hull City,Chelsea,108632,John Egan,DC,1,96,0,0,1,0,6.6,0.04,0.0,2,0,29,23,0,49,3,2,2,0,2,10,0,0
5795447,2026-09-12,Hull City,Chelsea,247815,Semi Ajayi,DC,1,96,0,0,0,0,6.3,0.33,0.0,1,0,28,23,0,38,1,1,2,0,0,1,0,0
5795447,2026-09-12,Hull City,Chelsea,469508,Nobel Mendy,DC,1,58,0,0,0,0,6.6,0.0,0.0,0,0,23,20,0,34,3,1,2,0,0,4,1,0
5795447,2026-09-12,Hull City,Chelsea,362831,Ryan Giles,DL,1,96,0,1,0,0,6.5,0.0,0.39,0,0,16,11,2,43,2,1,1,0,0,5,1,0
5795447,2026-09-12,Hull City,Chelsea,457802,Mohamed Belloumi,MR,1,59,2,0,0,0,7.9,0.37,0.07,3,2,6,4,1,17,3,0,0,0,1,0,0,0
5795447,2026-09-12,Hull City,Chelsea,105742,Matt Crooks,MC,1,68,0,0,1,0,6.3,0.0,0.0,0,0,17,12,0,25,4,0,1,0,3,4,0,0
5795447,2026-09-12,Hull City,Chelsea,349981,Regan Slater,MC,1,96,0,0,0,0,7.3,0.04,0.09,1,1,28,23,2,41,3,1,1,1,0,2,0,0
5795447,2026-09-12,Hull City,Chelsea,614510,Elliot Stroud,ML,1,59,0,0,0,0,6.2,0.02,0.0,1,0,11,7,0,20,3,0,1,0,2,0,0,0
5795447,2026-09-12,Hull City,Chelsea,138695,Oliver McBurnie,FW,1,81,0,1,1,0,7.2,0.52,0.07,1,1,13,9,1,28,1,0,2,1,1,2,0,0
5795447,2026-09-12,Hull City,Chelsea,399014,Mohamed-Ali Cho,Sub,0,37,0,0,0,0,6.2,0.37,0.15,2,1,4,2,1,11,0,0,0,0,0,1,0,0
5795447,2026-09-12,Hull City,Chelsea,431573,Brooke Norton-Cuffy,Sub,0,15,0,0,1,0,6.1,0.04,0.0,1,0,5,4,0,10,0,0,0,1,1,0,0,0
5795447,2026-09-12,Hull City,Chelsea,416208,Tim Iroegbunam,Sub,0,28,0,0,1,0,6.2,0.0,0.0,0,0,7,6,0,12,1,1,0,1,1,0,0,0
5795447,2026-09-12,Hull City,Chelsea,366114,Sorba Thomas,Sub,0,37,0,0,0,0,6.1,0.04,0.02,1,0,8,5,1,17,0,0,0,1,0,0,1,0
5795447,2026-09-12,Hull City,Chelsea,511691,Robinio Vaz,Sub,0,15,0,0,0,0,5.9,0.0,0.0,0,0,2,2,0,7,0,0,0,0,1,0,2,0
5795447,2026-09-12,Hull City,Chelsea,606532,Lucas Herrington,Sub,0,38,0,0,0,0,6.1,0.0,0.01,0,0,11,9,0,13,0,1,0,0,0,0,0,0
5795448,2026-09-13,Coventry City,Brighton & Hove Albion,421944,Carl Rushworth,GK,1,96,0,0,0,0,4.7,0.0,0.0,0,0,46,20,0,57,0,0,0,0,0,1,0,2
5795448,2026-09-13,Coventry City,Brighton & Hove Albion,342499,Ethan Pinnock,DC,1,96,0,0,0,0,5.8,0.03,0.0,1,0,20,15,0,34,3,0,2,0,0,7,0,0
5795448,2026-09-13,Coventry City,Brighton & Hove Albion,450271,Aurele Amenda,DC,1,96,0,0,0,0,6.1,0.0,0.0,0,0,27,18,1,37,1,2,6,0,1,5,0,0
5795448,2026-09-13,Coventry City,Brighton & Hove Albion,395615,Bobby Thomas,DC,1,96,0,0,0,0,5.6,0.09,0.02,3,0,26,18,0,41,0,1,6,0,1,6,0,0
5795448,2026-09-13,Coventry City,Brighton & Hove Albion,379760,Milan van Ewijk,DMR,1,96,0,0,0,0,6.3,0.0,0.03,0,0,24,20,1,49,2,0,2,1,0,5,1,0
5795448,2026-09-13,Coventry City,Brighton & Hove Albion,318767,Jay Dasilva,DML,1,96,0,0,0,0,5.5,0.0,0.21,0,0,17,15,2,27,0,0,1,0,0,2,1,0
5795448,2026-09-13,Coventry City,Brighton & Hove Albion,404109,Frank Onyeka,MC,1,72,0,0,0,0,6.2,0.03,0.0,1,1,17,10,0,30,1,1,2,0,2,1,0,0
5795448,2026-09-13,Coventry City,Brighton & Hove Albion,138584,Matt Grimes,MC,1,83,0,0,0,0,5.8,0.03,0.01,1,0,23,18,0,31,1,0,1,0,0,1,0,0
5795448,2026-09-13,Coventry City,Brighton & Hove Albion,342899,Ephron Mason-Clark,AMC,1,59,0,0,0,0,6.6,0.29,0.0,3,2,9,5,0,20,0,0,5,0,2,2,1,0
5795448,2026-09-13,Coventry City,Brighton & Hove Albion,381107,Jack Rudoni,AMC,1,72,0,0,0,0,6.6,0.34,0.57,2,1,15,12,4,37,1,0,4,0,2,2,1,0
5795448,2026-09-13,Coventry City,Brighton & Hove Albion,281049,Taiwo Awoniyi,FW,1,96,0,0,0,1,5.0,0.08,0.01,1,0,9,8,1,16,1,0,0,1,1,0,0,0
5795448,2026-09-13,Coventry City,Brighton & Hove Albion,409424,Victor Torp,Sub,0,13,0,0,0,0,5.9,0.0,0.0,0,0,4,4,0,5,0,0,0,0,0,0,0,0
5795448,2026-09-13,Coventry City,Brighton & Hove Albion,511378,Sidiki Cherif,Sub,0,37,0,0,0,0,5.9,0.0,0.0,0,0,4,4,0,12,0,1,2,0,0,0,0,0
5795448,2026-09-13,Coventry City,Brighton & Hove Albion,561984,Caleb Yirenkyi,Sub,0,24,0,0,0,0,5.7,0.0,0.01,0,0,5,4,1,6,0,0,2,0,0,0,0,0
5795448,2026-09-13,Coventry City,Brighton & Hove Albion,331235,Brandon Thomas-Asante,Sub,0,24,0,0,0,0,6.1,0.12,0.05,2,2,3,3,0,7,0,0,0,0,0,0,1,0
5795448,2026-09-13,Brighton & Hove Albion,Coventry City,400138,Bart Verbruggen,GK,1,96,0,0,0,0,9.0,0.0,0.0,0,0,29,24,0,42,0,0,2,0,0,3,0,6
5795448,2026-09-13,Brighton & Hove Albion,Coventry City,321958,Ferdi Kadioglu,DR,1,96,0,0,0,0,6.8,0.0,0.11,0,0,37,30,1,48,0,0,0,0,1,2,0,0
5795448,2026-09-13,Brighton & Hove Albion,Coventry City,533010,Luka Vuskovic,DC,1,77,0,0,0,0,7.4,0.1,0.01,2,0,62,55,0,78,1,1,4,0,0,7,1,0
5795448,2026-09-13,Brighton & Hove Albion,Coventry City,86441,Lewis Dunk,DC,1,96,1,0,0,0,8.4,0.03,0.01,1,1,94,89,0,103,1,0,4,0,0,4,0,0
5795448,2026-09-13,Brighton & Hove Albion,Coventry City,260809,Olivier Boscagli,DL,1,77,0,0,0,0,7.3,0.0,0.01,1,0,53,46,1,73,1,1,2,0,3,7,0,0
5795448,2026-09-13,Brighton & Hove Albion,Coventry City,71824,Pascal Gro,DMC,1,96,1,2,0,0,9.5,0.83,0.1,2,1,93,87,6,113,2,0,2,0,2,2,0,0
5795448,2026-09-13,Brighton & Hove Albion,Coventry City,470690,Yasin Ayari,DMC,1,96,1,0,0,0,8.0,0.22,0.02,4,2,48,44,0,58,2,0,0,0,0,0,0,0
5795448,2026-09-13,Brighton & Hove Albion,Coventry City,446133,Diego Gomez,AMR,1,83,0,0,0,0,7.0,0.09,0.08,2,0,27,26,0,38,0,0,3,0,0,1,1,0
5795448,2026-09-13,Brighton & Hove Albion,Coventry City,533015,Malick Yalcouye,AMC,1,64,1,0,0,0,7.8,0.55,0.0,3,2,19,16,1,32,2,0,0,1,3,1,1,0
5795448,2026-09-13,Brighton & Hove Albion,Coventry City,392647,Maxim De Cuyper,AML,1,96,0,0,0,0,7.7,0.04,0.03,1,0,53,50,4,62,0,0,0,1,1,1,0,0
5795448,2026-09-13,Brighton & Hove Albion,Coventry City,533923,Charalampos Kostoulas,FW,1,83,1,0,0,0,7.9,0.47,0.01,3,1,11,6,0,32,1,0,0,1,2,2,1,0
5795448,2026-09-13,Brighton & Hove Albion,Coventry City,342889,Matt O'Riley,Sub,0,13,0,0,0,0,6.2,0.0,0.0,0,0,2,2,1,2,0,0,0,0,0,0,0,0
5795448,2026-09-13,Brighton & Hove Albion,Coventry City,519755,Ibrahim Osman,Sub,0,19,0,0,0,0,6.4,0.09,0.0,2,0,8,7,0,12,0,0,0,1,1,0,1,0
5795448,2026-09-13,Brighton & Hove Albion,Coventry City,355609,Pascal Struijk,Sub,0,19,0,0,0,0,6.5,0.0,0.0,0,0,23,23,0,27,0,0,0,0,0,4,0,0
5795448,2026-09-13,Brighton & Hove Albion,Coventry City,395954,Costinha,Sub,0,13,0,0,0,0,6.2,0.0,0.0,0,0,8,7,0,11,0,1,0,0,0,0,0,0
5795448,2026-09-13,Brighton & Hove Albion,Coventry City,539663,Chema Andres,Sub,0,32,0,0,0,0,6.7,0.0,0.0,1,0,17,14,1,22,2,0,1,0,2,2,0,0
5795449,2026-09-12,Crystal Palace,Ipswich Town,130304,Walter Benitez,GK,1,95,0,0,0,0,6.4,0.0,0.0,0,0,28,17,0,38,0,0,1,0,0,1,0,3
5795449,2026-09-12,Crystal Palace,Ipswich Town,300426,Axel Disasi,DC,1,95,0,0,0,1,5.3,0.0,0.0,0,0,23,22,0,29,0,2,0,0,2,4,0,0
5795449,2026-09-12,Crystal Palace,Ipswich Town,535735,Honest Ahanor,DC,1,95,0,0,0,0,6.6,0.0,0.0,0,0,54,47,1,77,3,1,2,0,2,8,0,0
5795449,2026-09-12,Crystal Palace,Ipswich Town,395401,Chris Richards,DC,1,95,0,0,1,0,6.8,0.0,0.03,0,0,49,44,0,73,1,3,2,0,1,9,0,0
5795449,2026-09-12,Crystal Palace,Ipswich Town,444136,Anan Khalaili,DMR,1,95,1,0,0,0,7.1,0.36,0.09,4,1,31,21,1,57,2,0,1,0,1,3,0,0
5795449,2026-09-12,Crystal Palace,Ipswich Town,389579,Tyrick Mitchell,DML,1,76,0,0,0,0,6.2,0.0,0.04,0,0,30,24,1,51,1,0,1,0,0,1,2,0
5795449,2026-09-12,Crystal Palace,Ipswich Town,411078,Quinten Timber,MC,1,95,0,0,0,0,7.5,0.11,0.01,2,1,46,35,0,72,8,0,0,3,0,2,0,0
5795449,2026-09-12,Crystal Palace,Ipswich Town,430774,Adam Wharton,MC,1,76,0,0,0,0,6.1,0.02,0.02,1,0,32,25,1,45,2,0,0,0,0,1,0,0
5795449,2026-09-12,Crystal Palace,Ipswich Town,344166,Daichi Kamada,AMC,1,83,0,0,0,0,6.7,0.0,0.03,0,0,15,14,2,25,2,0,0,0,0,0,1,0
5795449,2026-09-12,Crystal Palace,Ipswich Town,403865,Yeremy Pino,AMC,1,36,0,0,0,0,6.0,0.0,0.0,0,0,16,12,0,21,1,0,0,0,0,0,1,0
5795449,2026-09-12,Crystal Palace,Ipswich Town,333048,Jrgen Strand Larsen,FW,1,83,1,0,0,0,7.6,0.14,0.01,3,2,15,12,1,31,1,0,1,1,0,0,2,0
5795449,2026-09-12,Crystal Palace,Ipswich Town,133464,Jefferson Lerma,Sub,0,12,0,0,0,0,6.0,0.0,0.0,0,0,2,1,0,6,0,0,1,0,0,1,0,0
5795449,2026-09-12,Crystal Palace,Ipswich Town,377283,Takehiro Tomiyasu,Sub,0,59,0,0,0,0,6.5,0.0,0.0,0,0,35,32,0,48,1,1,2,0,0,3,0,0
5795449,2026-09-12,Crystal Palace,Ipswich Town,505602,Zavier Gozo,Sub,0,12,0,0,0,0,5.8,0.0,0.0,0,0,1,1,0,5,1,0,0,0,0,0,0,0
5795449,2026-09-12,Crystal Palace,Ipswich Town,299272,Ben Chilwell,Sub,0,19,0,0,0,0,6.1,0.07,0.01,1,0,5,3,0,12,0,0,0,1,0,1,0,0
5795449,2026-09-12,Crystal Palace,Ipswich Town,108638,Will Hughes,Sub,0,19,0,0,0,0,5.9,0.0,0.04,0,0,7,5,1,15,1,0,0,0,0,1,0,0
5795449,2026-09-12,Ipswich Town,Crystal Palace,361867,Kjell Scherpen,GK,1,95,0,0,0,0,6.4,0.0,0.0,0,0,29,17,0,44,0,0,2,0,0,3,0,2
5795449,2026-09-12,Ipswich Town,Crystal Palace,362826,Dara O'Shea,DR,1,95,0,0,0,0,7.2,0.0,0.07,0,0,50,33,2,78,4,1,3,1,0,6,0,0
5795449,2026-09-12,Ipswich Town,Crystal Palace,300359,Issa Diop,DC,1,95,0,0,0,0,6.7,0.0,0.07,0,0,59,54,0,71,1,4,2,0,1,2,0,0
5795449,2026-09-12,Ipswich Town,Crystal Palace,381161,Jacob Greaves,DC,1,87,0,0,0,0,6.4,0.0,0.01,0,0,60,55,0,68,1,2,2,0,0,3,0,0
5795449,2026-09-12,Ipswich Town,Crystal Palace,366211,Leif Davis,DL,1,95,1,1,0,0,7.8,0.38,0.19,2,1,22,17,1,42,0,0,0,0,0,2,0,0
5795449,2026-09-12,Ipswich Town,Crystal Palace,299684,Exequiel Palacios,DMC,1,95,0,0,0,0,6.7,0.0,0.01,0,0,65,62,0,80,4,1,0,0,2,4,0,0
5795449,2026-09-12,Ipswich Town,Crystal Palace,297395,Sasa Lukic,DMC,1,76,0,0,1,0,6.5,0.0,0.12,0,0,44,39,2,52,1,2,0,0,3,3,0,0
5795449,2026-09-12,Ipswich Town,Crystal Palace,430985,Abdul Fatawu,AMR,1,61,0,0,1,0,6.9,0.0,0.02,0,0,19,16,0,47,2,1,1,3,5,1,3,0
5795449,2026-09-12,Ipswich Town,Crystal Palace,417747,Julio Enciso,AMC,1,95,0,0,0,0,6.2,0.07,0.18,2,0,21,17,1,39,0,0,1,0,1,1,4,0
5795449,2026-09-12,Ipswich Town,Crystal Palace,363516,Jack Clarke,AML,1,62,0,0,1,0,6.4,0.1,0.0,1,1,26,19,1,35,1,0,1,0,1,0,2,0
5795449,2026-09-12,Ipswich Town,Crystal Palace,429556,Emersonn,FW,1,62,1,1,0,0,7.4,0.42,0.06,3,1,12,9,1,27,0,0,0,1,0,0,0,0
5795449,2026-09-12,Ipswich Town,Crystal Palace,433937,Abdoul Ouattara,Sub,0,8,0,0,0,0,6.2,0.0,0.0,0,0,4,3,0,5,1,0,0,0,0,0,0,0
5795449,2026-09-12,Ipswich Town,Crystal Palace,377287,Daizen Maeda,Sub,0,33,0,0,0,0,5.8,0.0,0.0,0,0,7,7,0,10,1,0,0,0,2,0,1,0
5795449,2026-09-12,Ipswich Town,Crystal Palace,361694,Zian Flemming,Sub,0,33,1,0,0,0,7.1,0.64,0.0,3,2,4,2,0,11,0,0,3,0,1,1,1,0
5795449,2026-09-12,Ipswich Town,Crystal Palace,369712,Florentino,Sub,0,19,0,0,0,0,6.6,0.0,0.0,0,0,19,12,2,27,1,1,0,1,0,0,1,0
5795449,2026-09-12,Ipswich Town,Crystal Palace,411335,Jaden Philogene,Sub,0,34,0,0,0,0,6.0,0.02,0.0,1,1,11,8,0,22,0,0,0,0,0,0,2,0
5795451,2026-09-12,Liverpool,Fulham,114147,Alisson Becker,GK,1,94,0,0,0,0,7.0,0.0,0.0,0,0,28,22,0,40,0,0,0,0,0,0,0,3
5795451,2026-09-12,Liverpool,Fulham,384711,Ronald Araujo,DR,1,71,0,0,0,0,6.8,0.0,0.0,0,0,32,25,0,48,1,1,3,0,0,1,1,0
5795451,2026-09-12,Liverpool,Fulham,468827,Jeremy Jacquet,DC,1,94,0,0,0,0,7.9,0.0,0.01,0,0,87,75,0,96,1,1,5,1,1,2,0,0
5795451,2026-09-12,Liverpool,Fulham,95408,Virgil van Dijk,DC,1,94,0,0,0,0,7.2,0.0,0.0,0,0,78,70,1,89,0,4,0,0,1,5,0,0
5795451,2026-09-12,Liverpool,Fulham,301455,Kostas Tsimikas,DL,1,45,0,0,0,0,6.5,0.0,0.0,0,0,31,20,0,50,1,1,0,1,3,1,1,0
5795451,2026-09-12,Liverpool,Fulham,369875,Dominik Szoboszlai,DMC,1,94,0,0,0,0,7.2,0.09,0.2,2,1,52,42,4,77,1,1,0,0,4,2,3,0
5795451,2026-09-12,Liverpool,Fulham,363884,Ryan Gravenberch,DMC,1,59,0,0,0,0,7.0,0.04,0.01,1,0,30,24,1,47,3,1,2,0,1,5,1,0
5795451,2026-09-12,Liverpool,Fulham,548106,Victor Munoz,AMR,1,59,0,0,0,0,6.3,0.2,0.0,1,1,15,13,0,23,0,0,1,1,0,0,0,0
5795451,2026-09-12,Liverpool,Fulham,394786,Florian Wirtz,AMC,1,94,0,0,0,0,6.6,0.14,0.02,3,0,53,44,2,67,1,0,1,0,0,2,0,0
5795451,2026-09-12,Liverpool,Fulham,425366,Bradley Barcola,AML,1,71,0,0,0,0,6.3,0.23,0.02,1,0,19,14,1,32,4,0,0,0,0,0,0,0
5795451,2026-09-12,Liverpool,Fulham,299254,Alexander Isak,FW,1,94,0,0,0,0,6.4,0.48,0.0,3,1,5,5,0,16,0,0,1,2,0,0,1,0
5795451,2026-09-12,Liverpool,Fulham,345319,Alexis Mac Allister,Sub,0,35,0,0,0,0,6.5,0.02,0.01,1,0,20,18,2,26,1,1,0,0,0,1,0,0
5795451,2026-09-12,Liverpool,Fulham,424273,Milos Kerkez,Sub,0,49,0,0,0,0,6.3,0.0,0.0,0,0,19,17,0,38,1,0,0,0,0,2,0,0
5795451,2026-09-12,Liverpool,Fulham,352825,Cody Gakpo,Sub,0,35,0,0,0,0,6.0,0.08,0.0,1,0,9,8,0,13,0,0,0,0,0,0,0,0
5795451,2026-09-12,Liverpool,Fulham,392644,Jeremie Frimpong,Sub,0,23,0,0,0,0,6.7,0.0,0.23,0,0,12,10,2,23,1,1,0,0,0,2,0,0
5795451,2026-09-12,Liverpool,Fulham,548566,Rio Ngumoha,Sub,0,23,0,0,0,0,5.9,0.33,0.0,1,0,4,4,0,10,0,0,0,0,1,1,0,0
5795451,2026-09-12,Fulham,Liverpool,92173,Bernd Leno,GK,1,94,0,0,0,0,7.4,0.0,0.0,0,0,38,19,0,45,0,0,0,0,0,1,0,3
5795451,2026-09-12,Fulham,Liverpool,141169,Timothy Castagne,DR,1,71,0,0,0,0,6.5,0.0,0.01,0,0,36,25,0,58,2,0,0,0,0,3,0,0
5795451,2026-09-12,Fulham,Liverpool,423282,David Affengruber,DC,1,94,0,0,0,0,7.0,0.0,0.0,0,0,45,34,0,59,2,2,0,0,1,9,0,0
5795451,2026-09-12,Fulham,Liverpool,396976,Calvin Bassey,DC,1,94,0,0,0,0,7.3,0.03,0.0,1,1,28,23,0,40,1,1,1,1,0,5,0,0
5795451,2026-09-12,Fulham,Liverpool,306581,Antonee Robinson,DL,1,94,0,0,0,0,6.8,0.05,0.05,1,0,35,28,2,69,4,1,1,0,3,6,0,0
5795451,2026-09-12,Fulham,Liverpool,321020,Sander Berge,DMC,1,94,0,0,0,0,6.8,0.0,0.0,0,0,47,37,1,60,3,1,0,0,0,2,1,0
5795451,2026-09-12,Fulham,Liverpool,428060,Shea Charles,DMC,1,94,0,0,0,0,7.3,0.0,0.0,0,0,58,52,0,77,2,3,1,1,1,2,1,0
5795451,2026-09-12,Fulham,Liverpool,430709,Oscar Bobb,AMR,1,62,0,0,0,0,6.5,0.0,0.12,0,0,15,14,2,33,2,2,0,0,0,0,3,0
5795451,2026-09-12,Fulham,Liverpool,515865,Josh King,AMC,1,76,0,0,0,0,7.0,0.22,0.07,4,2,22,18,1,36,2,0,0,1,0,0,1,0
5795451,2026-09-12,Fulham,Liverpool,136824,Alex Iwobi,AML,1,76,0,0,0,0,6.5,0.11,0.12,2,0,38,32,2,49,1,0,0,0,0,0,1,0
5795451,2026-09-12,Fulham,Liverpool,498798,Gonzalo Garcia,FW,1,76,0,0,0,0,6.2,0.43,0.04,1,1,15,8,1,28,0,0,4,0,1,1,0,0
5795451,2026-09-12,Fulham,Liverpool,403649,Rodrigo Muniz,Sub,0,18,0,0,0,0,6.0,0.0,0.0,0,0,2,2,0,6,0,0,0,0,0,1,0,0
5795451,2026-09-12,Fulham,Liverpool,145996,Kenny Tete,Sub,0,32,0,0,1,0,6.0,0.0,0.0,0,0,7,5,0,14,0,0,0,0,2,3,0,0
5795451,2026-09-12,Fulham,Liverpool,443796,Hugo Larsson,Sub,0,18,0,0,0,0,6.0,0.0,0.0,0,0,3,3,0,3,0,0,0,0,0,0,0,0
5795451,2026-09-12,Fulham,Liverpool,363686,Emile Smith Rowe,Sub,0,18,0,0,0,0,6.1,0.0,0.0,0,0,5,3,0,6,0,1,0,0,0,0,0,0
5795451,2026-09-12,Fulham,Liverpool,429174,Kevin,Sub,0,23,0,0,0,0,6.1,0.03,0.02,1,0,4,2,0,10,1,0,0,0,0,0,0,0
5795452,2026-09-13,Manchester United,Manchester City,402184,Senne Lammens,GK,1,95,0,0,0,0,6.2,0.0,0.0,0,0,16,13,0,18,0,0,1,0,0,1,0,1
5795452,2026-09-13,Manchester United,Manchester City,353418,Diogo Dalot,DR,1,95,0,0,0,0,6.4,0.02,0.06,1,0,40,34,1,62,1,1,1,1,3,1,0,0
5795452,2026-09-13,Manchester United,Manchester City,340105,Lisandro Martinez,DC,1,95,0,0,0,0,6.6,0.04,0.02,1,1,66,57,0,77,3,0,1,0,2,3,0,0
5795452,2026-09-13,Manchester United,Manchester City,99487,Harry Maguire,DC,1,95,0,0,1,0,6.5,0.06,0.0,2,0,57,49,0,68,3,1,3,1,3,2,0,0
5795452,2026-09-13,Manchester United,Manchester City,495260,Patrick Dorgu,DL,1,95,0,0,0,0,6.7,0.0,0.02,0,0,41,37,1,68,8,1,0,0,3,2,0,0
5795452,2026-09-13,Manchester United,Manchester City,136345,Youri Tielemans,DMC,1,66,0,0,0,0,6.8,0.0,0.01,0,0,44,39,1,56,2,2,3,0,0,1,0,0
5795452,2026-09-13,Manchester United,Manchester City,460260,Kobbie Mainoo,DMC,1,95,0,0,0,0,7.5,0.04,0.04,1,0,70,68,3,86,0,2,0,4,3,1,1,0
5795452,2026-09-13,Manchester United,Manchester City,353377,Bryan Mbeumo,AMR,1,95,0,0,0,0,6.3,0.42,0.06,3,1,27,20,2,43,4,0,1,0,0,0,2,0
5795452,2026-09-13,Manchester United,Manchester City,123761,Bruno Fernandes,AMC,1,95,0,0,0,0,6.7,0.03,0.2,1,1,59,52,1,71,4,0,0,0,1,1,0,0
5795452,2026-09-13,Manchester United,Manchester City,300299,Marcus Rashford,AML,1,82,0,0,0,0,6.4,0.17,0.07,3,0,27,23,1,55,2,1,0,1,1,1,0,0
5795452,2026-09-13,Manchester United,Manchester City,362758,Matheus Cunha,FW,1,95,0,0,0,0,6.3,0.12,0.01,3,0,28,23,1,46,1,0,0,2,1,0,2,0
5795452,2026-09-13,Manchester United,Manchester City,383956,Joshua Zirkzee,Sub,0,13,0,0,0,0,6.1,0.0,0.0,0,0,7,5,0,9,0,0,0,0,0,1,0,0
5795452,2026-09-13,Manchester United,Manchester City,424191,Benjamin Sesko,Sub,0,29,0,0,0,0,6.2,0.03,0.0,1,0,5,5,0,8,0,0,0,1,0,0,0,0
5795452,2026-09-13,Manchester City,Manchester United,262515,Gianluigi Donnarumma,GK,1,95,0,0,0,0,7.5,0.0,0.0,0,0,41,24,0,52,0,0,0,0,0,0,0,3
5795452,2026-09-13,Manchester City,Manchester United,394933,Matheus Nunes,DR,1,95,0,0,0,0,7.8,0.0,0.0,0,0,38,35,0,64,2,2,1,2,0,5,0,0
5795452,2026-09-13,Manchester City,Manchester United,313171,Ruben Dias,DC,1,95,0,0,0,0,7.0,0.0,0.0,0,0,51,44,0,59,1,2,2,0,0,4,0,0
5795452,2026-09-13,Manchester City,Manchester United,374631,Marc Guehi,DC,1,95,0,0,0,0,6.8,0.0,0.0,0,0,51,46,0,61,0,0,1,0,0,6,0,0
5795452,2026-09-13,Manchester City,Manchester United,402664,Josko Gvardiol,DL,1,95,0,0,1,0,7.4,0.02,0.0,1,0,35,30,0,53,4,0,3,2,0,3,0,0
5795452,2026-09-13,Manchester City,Manchester United,369430,Enzo Fernandez,DMC,1,81,0,0,1,0,7.5,0.14,0.18,2,1,34,28,1,55,5,3,2,1,4,1,1,0
5795452,2026-09-13,Manchester City,Manchester United,402596,Elliot Anderson,DMC,1,95,0,0,0,0,7.0,0.0,0.0,0,0,54,47,0,77,5,2,0,0,1,3,0,0
5795452,2026-09-13,Manchester City,Manchester United,331254,Phil Foden,AMR,1,95,0,0,0,1,5.1,0.0,0.01,0,0,8,8,1,15,0,0,0,0,0,0,2,0
5795452,2026-09-13,Manchester City,Manchester United,386153,Rayan Cherki,AMC,1,45,0,0,0,0,6.2,0.03,0.05,1,0,27,24,0,34,1,0,0,0,1,1,0,0
5795452,2026-09-13,Manchester City,Manchester United,357073,Antoine Semenyo,AML,1,95,0,0,0,0,6.3,0.0,0.06,0,0,29,21,1,42,2,0,1,0,3,0,2,0
5795452,2026-09-13,Manchester City,Manchester United,315227,Erling Haaland,FW,1,95,1,0,0,0,7.5,0.67,0.01,2,1,18,11,0,30,0,0,3,2,0,0,0,0
5795452,2026-09-13,Manchester City,Manchester United,366116,Iliman Ndiaye,Sub,0,50,0,0,0,0,6.8,0.0,0.0,0,0,14,11,0,39,2,1,0,3,1,2,4,0
5795452,2026-09-13,Manchester City,Manchester United,468847,Nico O'Reilly,Sub,0,14,0,0,0,0,6.0,0.0,0.0,0,0,3,2,0,4,1,0,0,0,0,0,1,0
5795453,2026-09-12,Sunderland,Arsenal,422814,Robin Roefs,GK,1,98,0,0,0,0,6.3,0.0,0.0,0,0,31,16,0,37,0,0,0,0,0,1,0,3
5795453,2026-09-12,Sunderland,Arsenal,299077,Nordi Mukiele,DR,1,98,0,0,1,0,6.3,1.0,0.01,4,1,21,14,0,48,4,1,1,0,3,2,0,0
5795453,2026-09-12,Sunderland,Arsenal,330816,Kevin Danso,DC,1,98,0,0,0,0,6.0,0.0,0.09,0,0,30,25,1,47,0,0,1,0,0,2,0,0
5795453,2026-09-12,Sunderland,Arsenal,371761,Dan Ballard,DC,1,98,0,0,1,0,6.7,0.03,0.01,1,0,37,27,1,51,1,1,6,0,3,4,1,0
5795453,2026-09-12,Sunderland,Arsenal,361812,Reinildo Mandava,DL,1,98,0,0,2,1,4.8,0.0,0.0,0,0,23,20,0,44,1,2,2,0,3,4,0,0
5795453,2026-09-12,Sunderland,Arsenal,437449,Noah Sadiki,DMC,1,98,0,0,0,0,6.2,0.05,0.0,1,0,24,20,0,35,3,0,0,0,0,4,0,0
5795453,2026-09-12,Sunderland,Arsenal,89401,Granit Xhaka,DMC,1,98,0,0,1,0,6.9,0.0,0.36,0,0,57,49,3,72,1,1,1,2,3,1,1,0
5795453,2026-09-12,Sunderland,Arsenal,104376,Thomas Meunier,AMR,1,75,0,0,0,0,6.2,0.13,0.0,3,1,20,14,0,31,1,0,1,0,0,2,0,0
5795453,2026-09-12,Sunderland,Arsenal,398393,Enzo Le Fee,AMC,1,98,0,0,0,0,6.0,0.83,0.53,3,1,15,10,2,25,0,0,0,1,0,0,0,0
5795453,2026-09-12,Sunderland,Arsenal,443064,Nilson Angulo,AML,1,69,0,0,0,0,5.9,0.0,0.0,0,0,6,6,0,20,2,0,0,0,1,0,1,0
5795453,2026-09-12,Sunderland,Arsenal,404568,Brian Brobbey,FW,1,98,0,0,1,0,5.7,0.0,0.0,0,0,16,12,1,30,0,0,0,0,3,0,2,0
5795453,2026-09-12,Sunderland,Arsenal,438102,Malick Fofana,Sub,0,23,0,0,0,0,5.8,0.0,0.0,0,0,3,3,0,9,0,0,0,0,1,0,2,0
5795453,2026-09-12,Sunderland,Arsenal,363535,Wilson Isidor,Sub,0,29,0,0,0,0,5.8,0.0,0.0,0,0,1,1,0,4,1,0,0,0,1,0,1,0
5795453,2026-09-12,Arsenal,Sunderland,276366,David Raya,GK,1,98,0,0,0,0,8.2,0.0,0.0,0,0,33,22,0,50,0,0,4,0,0,2,0,2
5795453,2026-09-12,Arsenal,Sunderland,322036,Ben White,DR,1,45,0,0,0,0,6.5,0.0,0.0,0,0,15,11,0,30,2,1,0,0,1,0,0,0
5795453,2026-09-12,Arsenal,Sunderland,334087,Gabriel Magalhaes,DC,1,98,0,0,1,0,7.9,0.02,0.0,1,0,44,37,0,63,1,2,7,0,1,6,0,0
5795453,2026-09-12,Arsenal,Sunderland,301440,Ezri Konsa,DC,1,98,0,0,0,0,7.3,0.0,0.0,0,0,28,26,0,39,2,2,3,0,2,3,0,0
5795453,2026-09-12,Arsenal,Sunderland,386519,Riccardo Calafiori,DL,1,98,0,0,0,0,6.6,0.1,0.0,1,0,24,20,0,40,1,0,0,0,1,3,0,0
5795453,2026-09-12,Arsenal,Sunderland,332325,Declan Rice,DMC,1,80,0,0,0,0,7.6,0.0,0.25,0,0,68,59,3,78,2,0,1,0,0,5,0,0
5795453,2026-09-12,Arsenal,Sunderland,467918,Myles Lewis-Skelly,DMC,1,45,0,0,0,0,6.2,0.0,0.0,0,0,29,27,0,37,0,0,0,0,2,0,2,0
5795453,2026-09-12,Arsenal,Sunderland,367185,Bukayo Saka,AMR,1,98,1,0,0,0,7.7,1.28,0.07,4,3,27,21,1,47,2,0,0,0,1,2,0,0
5795453,2026-09-12,Arsenal,Sunderland,247454,Martin degaard,AMC,1,84,0,0,0,0,7.5,0.0,0.29,0,0,42,37,5,55,1,1,0,2,0,0,0,0
5795453,2026-09-12,Arsenal,Sunderland,399296,Christos Tzolis,AML,1,80,0,0,0,0,6.4,0.0,0.09,0,0,22,17,0,38,1,1,1,0,1,0,1,0
5795453,2026-09-12,Arsenal,Sunderland,326413,Kai Havertz,FW,1,98,0,0,1,0,6.6,0.39,0.0,3,1,20,15,1,32,0,0,4,0,2,1,0,0
5795453,2026-09-12,Arsenal,Sunderland,338780,Bruno Guimaraes,Sub,0,53,1,0,0,0,7.7,0.09,0.13,2,1,13,12,0,21,2,1,1,0,0,0,1,0
5795453,2026-09-12,Arsenal,Sunderland,388650,Jurrien Timber,Sub,0,53,0,0,0,0,6.4,0.0,0.0,0,0,13,10,0,19,1,0,0,0,0,2,0,0
5795453,2026-09-12,Arsenal,Sunderland,238916,Mikel Merino,Sub,0,14,0,0,0,0,6.0,0.0,0.0,0,0,1,1,0,7,0,0,0,0,0,0,1,0
5795453,2026-09-12,Arsenal,Sunderland,372424,Martin Zubimendi,Sub,0,18,0,0,0,0,6.4,0.0,0.0,0,0,5,4,0,8,1,0,1,0,0,0,0,0
5795453,2026-09-12,Arsenal,Sunderland,332403,Eberechi Eze,Sub,0,18,0,0,0,0,6.1,0.0,0.0,0,0,2,1,0,3,0,0,0,0,0,0,0,0
5795454,2026-09-12,Tottenham Hotspur,Everton,457006,Antonin Kinsky,GK,1,93,0,0,0,0,7.1,0.0,0.0,0,0,18,11,0,29,0,0,1,0,0,4,0,3
5795454,2026-09-12,Tottenham Hotspur,Everton,429922,Archie Gray,DR,1,84,0,0,0,0,6.9,0.07,0.0,2,0,50,48,0,71,3,2,1,1,1,2,1,0
5795454,2026-09-12,Tottenham Hotspur,Everton,425229,Micky van de Ven,DC,1,93,0,0,0,0,7.0,0.0,0.0,0,0,79,75,0,88,0,1,2,0,1,5,0,0
5795454,2026-09-12,Tottenham Hotspur,Everton,365402,Jan Paul van Hecke,DC,1,93,0,0,0,0,7.7,0.2,0.01,1,0,106,103,1,127,2,1,3,0,2,8,0,0
5795454,2026-09-12,Tottenham Hotspur,Everton,115726,Andy Robertson,DL,1,93,0,0,0,0,6.9,0.04,0.02,1,0,60,56,2,78,1,1,0,1,0,1,0,0
5795454,2026-09-12,Tottenham Hotspur,Everton,343501,Sandro Tonali,DMC,1,93,0,0,0,0,6.8,0.1,0.19,2,0,88,83,1,104,0,1,1,1,1,4,2,0
5795454,2026-09-12,Tottenham Hotspur,Everton,303657,Rodrigo Bentancur,DMC,1,62,0,0,0,0,7.0,0.0,0.0,0,0,63,56,0,72,7,0,1,0,0,3,0,0
5795454,2026-09-12,Tottenham Hotspur,Everton,397821,Savio,AMR,1,93,0,0,0,0,7.1,0.06,0.22,2,0,34,30,4,66,2,0,0,4,1,0,3,0
5795454,2026-09-12,Tottenham Hotspur,Everton,447231,Mateus Fernandes,AMC,1,62,0,0,0,0,6.5,0.11,0.0,3,1,50,49,0,62,2,0,0,0,3,0,1,0
5795454,2026-09-12,Tottenham Hotspur,Everton,394749,Omar Marmoush,AML,1,76,0,0,0,0,6.2,0.03,0.01,1,0,13,12,1,30,0,0,0,2,1,0,4,0
5795454,2026-09-12,Tottenham Hotspur,Everton,136459,Dominic Solanke,FW,1,62,0,0,0,0,5.9,0.0,0.0,0,0,12,12,0,20,0,0,1,0,2,0,3,0
5795454,2026-09-12,Tottenham Hotspur,Everton,422885,Mathys Tel,Sub,0,31,0,0,0,0,6.1,0.02,0.12,1,0,12,11,0,19,0,0,0,0,0,0,1,0
5795454,2026-09-12,Tottenham Hotspur,Everton,400166,Mohammed Kudus,Sub,0,31,0,0,0,0,6.6,0.0,0.04,0,0,18,17,1,27,1,0,0,2,1,0,0,0
5795454,2026-09-12,Tottenham Hotspur,Everton,505295,Lucas Bergvall,Sub,0,31,0,0,0,0,6.5,0.06,0.16,1,1,20,17,0,26,1,0,0,0,1,1,0,0
5795454,2026-09-12,Tottenham Hotspur,Everton,137015,James Maddison,Sub,0,17,0,0,0,0,6.2,0.0,0.0,0,0,15,13,0,19,0,1,0,0,0,0,0,0
5795454,2026-09-12,Tottenham Hotspur,Everton,136464,Tosin Adarabioyo,Sub,0,9,0,0,0,0,6.3,0.0,0.0,0,0,6,6,0,11,2,0,0,0,0,2,0,0
5795454,2026-09-12,Everton,Tottenham Hotspur,110189,Jordan Pickford,GK,1,93,0,0,0,0,6.8,0.0,0.0,0,0,44,27,0,57,0,0,1,1,0,2,0,2
5795454,2026-09-12,Everton,Tottenham Hotspur,255169,Ainsley Maitland-Niles,DR,1,74,0,0,0,0,7.0,0.03,0.12,1,0,29,25,1,44,4,1,0,1,0,2,0,0
5795454,2026-09-12,Everton,Tottenham Hotspur,381045,Jarrad Branthwaite,DC,1,93,0,0,0,0,7.3,0.0,0.0,0,0,44,38,0,56,2,0,0,0,1,4,0,0
5795454,2026-09-12,Everton,Tottenham Hotspur,131464,James Tarkowski,DC,1,93,0,0,0,0,7.3,0.0,0.0,0,0,57,48,0,65,5,0,3,0,0,3,0,0
5795454,2026-09-12,Everton,Tottenham Hotspur,345516,Vitalii Mykolenko,DL,1,93,0,0,0,0,7.7,0.0,0.14,0,0,35,29,1,65,10,3,1,0,1,1,0,0
5795454,2026-09-12,Everton,Tottenham Hotspur,367781,James Garner,DMC,1,93,0,0,1,0,7.6,0.04,0.0,1,1,51,46,0,71,9,1,0,0,1,1,0,0
5795454,2026-09-12,Everton,Tottenham Hotspur,379688,Brennan Johnson,MR,1,74,0,0,0,0,6.8,0.1,0.2,1,0,12,10,2,25,3,1,0,0,0,1,1,0
5795454,2026-09-12,Everton,Tottenham Hotspur,535879,Harrison Armstrong,MC,1,93,0,0,0,0,6.4,0.0,0.02,0,0,25,23,0,33,0,0,1,0,1,1,0,0
5795454,2026-09-12,Everton,Tottenham Hotspur,391256,Kiernan Dewsbury-Hall,MC,1,93,0,0,1,0,6.9,0.44,0.09,3,1,38,36,1,59,0,1,0,3,0,0,3,0
5795454,2026-09-12,Everton,Tottenham Hotspur,523597,Tyrique George,ML,1,64,0,0,0,0,6.8,0.03,0.13,1,0,18,15,1,36,0,0,0,2,0,1,3,0
5795454,2026-09-12,Everton,Tottenham Hotspur,537713,Thierno Barry,FW,1,93,0,0,0,0,6.7,0.45,0.06,5,1,13,10,1,28,0,1,4,1,2,0,0,0
5795454,2026-09-12,Everton,Tottenham Hotspur,424495,Jake O'Brien,Sub,0,19,0,0,0,0,6.1,0.0,0.0,0,0,2,1,0,3,0,0,0,0,0,1,0,0
5795454,2026-09-12,Everton,Tottenham Hotspur,388651,Hayden Hackney,Sub,0,19,0,0,0,0,6.2,0.0,0.02,0,0,3,3,1,7,0,0,0,0,1,1,0,0
5795454,2026-09-12,Everton,Tottenham Hotspur,113069,Jack Grealish,Sub,0,29,0,0,0,0,6.2,0.0,0.0,0,0,10,8,0,17,2,0,0,0,1,2,1,0
